remark,"CSV-Import-Export"
remark,"Date = Mon Sep 14 10:12:56 2026"
remark,"Version = RSLogix 5000 v35.04"
remark,"Owner = KraussMaffei Group"
remark,"Company = KraussMaffei Group"
0.3
TYPE,SCOPE,NAME,DESCRIPTION,DATATYPE,SPECIFIER,ATTRIBUTES
TAG,,IS3800:I,"","CC:InSightIS38xx1_REAL121:I:0","","(Class := Standard, ExternalAccess := Read/Write)"
TAG,,IS3800:O,"","CC:InSightIS38xx1_REAL122:O:0","","(Class := Standard, ExternalAccess := Read/Write)"
TAG,,Local:1:I,"","AB:1769_DI16:I:0","","(Class := Standard, ExternalAccess := Read/Write)"
COMMENT,,Local:1:I,"Control Power ON",,"Local:1:I.DATA.0"
COMMENT,,Local:1:I,"Cell Estop Active",,"Local:1:I.DATA.1"
COMMENT,,Local:1:I,"IMM Safety Healthy",,"Local:1:I.DATA.2"
COMMENT,,Local:1:I,"CRM-DS Active",,"Local:1:I.DATA.3"
COMMENT,,Local:1:I,"Panel E-stop PB",,"Local:1:I.DATA.4"
COMMENT,,Local:1:I,"Upstacker door open",,"Local:1:I.DATA.5"
COMMENT,,Local:1:I,"Downstacker door open",,"Local:1:I.DATA.6"
COMMENT,,Local:1:I,"Fumex door open",,"Local:1:I.DATA.7"
COMMENT,,Local:1:I,"Laser door open",,"Local:1:I.DATA.8"
COMMENT,,Local:1:I,"Control ON PB",,"Local:1:I.DATA.9"
COMMENT,,Local:1:I,"Control Reset PB",,"Local:1:I.DATA.10"
COMMENT,,Local:1:I,"Spare",,"Local:1:I.DATA.11"
COMMENT,,Local:1:I,"Vacuum Gen Sensor 1",,"Local:1:I.DATA.12"
COMMENT,,Local:1:I,"Vacuum Gen Sensor 2",,"Local:1:I.DATA.13"
COMMENT,,Local:1:I,"Vacuum Gen Sensor 3",,"Local:1:I.DATA.14"
COMMENT,,Local:1:I,"Vacuum Gen Sensor 4",,"Local:1:I.DATA.15"
TAG,,Local:2:I,"","AB:1769_DI16:I:0","","(Class := Standard, ExternalAccess := Read/Write)"
COMMENT,,Local:2:I,"Robot Reject",,"Local:2:I.DATA.0"
COMMENT,,Local:2:I,"Robot Mold position closed",,"Local:2:I.DATA.1"
COMMENT,,Local:2:I,"Robot Mold position open",,"Local:2:I.DATA.2"
COMMENT,,Local:2:I,"Robot Intermediate Mold Position Open",,"Local:2:I.DATA.3"
COMMENT,,Local:2:I,"Robot Operation Enable",,"Local:2:I.DATA.4"
COMMENT,,Local:2:I,"Robot Ejector Position Back",,"Local:2:I.DATA.5"
COMMENT,,Local:2:I,"Robot Ejector Position Forward",,"Local:2:I.DATA.6"
COMMENT,,Local:2:I,"Robot Core puller 1 Position 1",,"Local:2:I.DATA.7"
COMMENT,,Local:2:I,"Robot Core puller 1 Position 2",,"Local:2:I.DATA.8"
COMMENT,,Local:2:I,"Robot Core puller 2 Position 1",,"Local:2:I.DATA.9"
COMMENT,,Local:2:I,"Robot Core puller 2 Position 2",,"Local:2:I.DATA.10"
COMMENT,,Local:2:I,"IMM Input",,"Local:2:I.DATA.11"
COMMENT,,Local:2:I,"Door Open IMM",,"Local:2:I.DATA.12"
COMMENT,,Local:2:I,"Door Open IMM Requested",,"Local:2:I.DATA.13"
COMMENT,,Local:2:I,"Spare",,"Local:2:I.DATA.14"
COMMENT,,Local:2:I,"Spare",,"Local:2:I.DATA.15"
TAG,,Local:3:I,"","AB:1769_DI16:I:0","","(Class := Standard, ExternalAccess := Read/Write)"
COMMENT,,Local:3:I,"Docking Staton Cylinder retracted",,"Local:3:I.DATA.0"
COMMENT,,Local:3:I,"Upstacker Home",,"Local:3:I.DATA.1"
COMMENT,,Local:3:I,"Spare",,"Local:3:I.DATA.2"
COMMENT,,Local:3:I,"Spare",,"Local:3:I.DATA.3"
COMMENT,,Local:3:I,"Upstacker tray detection 1",,"Local:3:I.DATA.4"
COMMENT,,Local:3:I,"Upstacker tray detection 2",,"Local:3:I.DATA.5"
COMMENT,,Local:3:I,"Input",,"Local:3:I.DATA.6"
COMMENT,,Local:3:I,"Sprue Bin Not Full",,"Local:3:I.DATA.7"
COMMENT,,Local:3:I,"Docking Station Cylinder Extended",,"Local:3:I.DATA.8"
COMMENT,,Local:3:I,"Downstacker Home",,"Local:3:I.DATA.9"
COMMENT,,Local:3:I,"Spare",,"Local:3:I.DATA.10"
COMMENT,,Local:3:I,"Spare",,"Local:3:I.DATA.11"
COMMENT,,Local:3:I,"Downstacker Tray detection 3",,"Local:3:I.DATA.12"
COMMENT,,Local:3:I,"Downstacker Tray detection 4",,"Local:3:I.DATA.13"
COMMENT,,Local:3:I,"Spare",,"Local:3:I.DATA.14"
COMMENT,,Local:3:I,"Bin Present",,"Local:3:I.DATA.15"
TAG,,Local:4:C,"","AB:1769_DO16:C:0","","(Class := Standard, ExternalAccess := Read/Write)"
TAG,,Local:4:I,"","AB:1769_DO16:I:0","","(Class := Standard, ExternalAccess := Read/Write)"
TAG,,Local:4:O,"","AB:1769_DO16:O:0","","(Class := Standard, ExternalAccess := Read/Write)"
COMMENT,,Local:4:O,"Green PB Light",,"Local:4:O.DATA.0"
COMMENT,,Local:4:O,"Protection Door request signal",,"Local:4:O.DATA.1"
COMMENT,,Local:4:O,"Stack Light Horn",,"Local:4:O.DATA.2"
COMMENT,,Local:4:O,"Red Stack Light",,"Local:4:O.DATA.3"
COMMENT,,Local:4:O,"White stack light",,"Local:4:O.DATA.4"
COMMENT,,Local:4:O,"GREEEN STACK LIGHT",,"Local:4:O.DATA.5"
COMMENT,,Local:4:O,"Upstacker and Downstacker door release",,"Local:4:O.DATA.6"
COMMENT,,Local:4:O,"Docking station door release",,"Local:4:O.DATA.7"
COMMENT,,Local:4:O,"Cutter solenoid #1",,"Local:4:O.DATA.8"
COMMENT,,Local:4:O,"Cutter Solenoid #2",,"Local:4:O.DATA.9"
COMMENT,,Local:4:O,"Docking Station Lock",,"Local:4:O.DATA.10"
COMMENT,,Local:4:O,"Internal Cell Lighting 1",,"Local:4:O.DATA.11"
COMMENT,,Local:4:O,"Internal Cell Lighting 2",,"Local:4:O.DATA.12"
COMMENT,,Local:4:O,"Spare",,"Local:4:O.DATA.13"
COMMENT,,Local:4:O,"Power On Turn Table Drive",,"Local:4:O.DATA.14"
COMMENT,,Local:4:O,"Main Cell Air engage",,"Local:4:O.DATA.15"
TAG,,Local:5:C,"","AB:1769_DO16:C:0","","(Class := Standard, ExternalAccess := Read/Write)"
TAG,,Local:5:I,"","AB:1769_DO16:I:0","","(Class := Standard, ExternalAccess := Read/Write)"
TAG,,Local:5:O,"","AB:1769_DO16:O:0","","(Class := Standard, ExternalAccess := Read/Write)"
COMMENT,,Local:5:O,"Spare",,"Local:5:O.DATA.0"
COMMENT,,Local:5:O,"Spare",,"Local:5:O.DATA.1"
COMMENT,,Local:5:O,"Spare",,"Local:5:O.DATA.2"
COMMENT,,Local:5:O,"Spare",,"Local:5:O.DATA.3"
COMMENT,,Local:5:O,"Turn Table brake release",,"Local:5:O.DATA.4"
COMMENT,,Local:5:O,"Spare",,"Local:5:O.DATA.5"
COMMENT,,Local:5:O,"Spare",,"Local:5:O.DATA.6"
COMMENT,,Local:5:O,"Euro map 78 door lock Acknowledge",,"Local:5:O.DATA.7"
COMMENT,,Local:5:O,"Laser Power On",,"Local:5:O.DATA.8"
COMMENT,,Local:5:O,"Docking Station Power ON",,"Local:5:O.DATA.9"
COMMENT,,Local:5:O,"Spare",,"Local:5:O.DATA.10"
COMMENT,,Local:5:O,"Spare",,"Local:5:O.DATA.11"
COMMENT,,Local:5:O,"Fumex Power ON",,"Local:5:O.DATA.12"
COMMENT,,Local:5:O,"Spare",,"Local:5:O.DATA.13"
COMMENT,,Local:5:O,"Spare",,"Local:5:O.DATA.14"
COMMENT,,Local:5:O,"Docking Station Air Enable",,"Local:5:O.DATA.15"
TAG,,Local:6:C,"","AB:1769_DO16:C:0","","(Class := Standard, ExternalAccess := Read/Write)"
TAG,,Local:6:I,"","AB:1769_DO16:I:0","","(Class := Standard, ExternalAccess := Read/Write)"
TAG,,Local:6:O,"","AB:1769_DO16:O:0","","(Class := Standard, ExternalAccess := Read/Write)"
COMMENT,,Local:6:O,"Robot to IMM I/F mold Area Free",,"Local:6:O.DATA.0"
COMMENT,,Local:6:O,"Robot to IMM I/F mold Closure Enable",,"Local:6:O.DATA.1"
COMMENT,,Local:6:O,"Robot to IMM I/F Full Mold Opening Enable",,"Local:6:O.DATA.2"
COMMENT,,Local:6:O,"Robot to IMM I/F Robot Operate",,"Local:6:O.DATA.3"
COMMENT,,Local:6:O,"Robot to IMM I/F Injector Back Enable",,"Local:6:O.DATA.4"
COMMENT,,Local:6:O,"Robot to IMM I/F Injector Forward Enable",,"Local:6:O.DATA.5"
COMMENT,,Local:6:O,"Robot to IMM I/F Core Puller 1 Pos 1 Enable",,"Local:6:O.DATA.6"
COMMENT,,Local:6:O,"Robot to IMM I/F Core Puller 1 Pos 2 Enable",,"Local:6:O.DATA.7"
COMMENT,,Local:6:O,"Robot to IMM I/F Core Puller 2 Pos 1 Enable",,"Local:6:O.DATA.8"
COMMENT,,Local:6:O,"Robot to IMM I/F Core Puller 2 Pos 2 Enable",,"Local:6:O.DATA.9"
COMMENT,,Local:6:O,"Spare",,"Local:6:O.DATA.10"
COMMENT,,Local:6:O,"Spare",,"Local:6:O.DATA.11"
COMMENT,,Local:6:O,"Spare",,"Local:6:O.DATA.12"
COMMENT,,Local:6:O,"Spare",,"Local:6:O.DATA.13"
COMMENT,,Local:6:O,"Upstacker Power ON",,"Local:6:O.DATA.14"
COMMENT,,Local:6:O,"Downstacker Power ON",,"Local:6:O.DATA.15"
TAG,,Local:7:C,"","AB:1769_DO16:C:0","","(Class := Standard, ExternalAccess := Read/Write)"
TAG,,Local:7:I,"","AB:1769_DO16:I:0","","(Class := Standard, ExternalAccess := Read/Write)"
TAG,,Local:7:O,"","AB:1769_DO16:O:0","","(Class := Standard, ExternalAccess := Read/Write)"
COMMENT,,Local:7:O,"Vacuum gen 1 Supply valve",,"Local:7:O.DATA.0"
COMMENT,,Local:7:O,"Vacuum gen 1 Return valve",,"Local:7:O.DATA.1"
COMMENT,,Local:7:O,"Vacuum gen 2 Supply valve",,"Local:7:O.DATA.2"
COMMENT,,Local:7:O,"Vacuum gen 2 Return valve",,"Local:7:O.DATA.3"
COMMENT,,Local:7:O,"Vacuum gen 3 Supply valve",,"Local:7:O.DATA.4"
COMMENT,,Local:7:O,"Vacuum gen 3 Return valve",,"Local:7:O.DATA.5"
COMMENT,,Local:7:O,"Vacuum gen 4 Supply valve",,"Local:7:O.DATA.6"
COMMENT,,Local:7:O,"Vacuum gen 4 Return valve",,"Local:7:O.DATA.7"
COMMENT,,Local:7:O,"EOAT Close Gripper",,"Local:7:O.DATA.8"
COMMENT,,Local:7:O,"EOAT Open Gripper",,"Local:7:O.DATA.9"
COMMENT,,Local:7:O,"Spare",,"Local:7:O.DATA.10"
COMMENT,,Local:7:O,"Spare",,"Local:7:O.DATA.11"
COMMENT,,Local:7:O,"Spare",,"Local:7:O.DATA.12"
COMMENT,,Local:7:O,"Spare",,"Local:7:O.DATA.13"
COMMENT,,Local:7:O,"Spare",,"Local:7:O.DATA.14"
COMMENT,,Local:7:O,"Spare",,"Local:7:O.DATA.15"
TAG,,MDX2:I,"","_016F:MD_X20002500_F8D17FBD:I:0","","(Class := Standard, ExternalAccess := Read/Write)"
COMMENT,,MDX2:I,"Ready Status",,"MDX2:I.DATA[0].0"
COMMENT,,MDX2:I,"Error Status",,"MDX2:I.DATA[0].1"
COMMENT,,MDX2:I,"Warning Status",,"MDX2:I.DATA[0].2"
COMMENT,,MDX2:I,"I/O Error Status",,"MDX2:I.DATA[0].3"
COMMENT,,MDX2:I,"Shutter Status",,"MDX2:I.DATA[0].4"
COMMENT,,MDX2:I,"Network Status",,"MDX2:I.DATA[0].5"
COMMENT,,MDX2:I,"Job Change Ready Status",,"MDX2:I.DATA[0].6"
COMMENT,,MDX2:I,"Laser Emitted Status",,"MDX2:I.DATA[0].8"
COMMENT,,MDX2:I,"Shutter Control Status",,"MDX2:I.DATA[0].9"
COMMENT,,MDX2:I,"Remote Interlock Status",,"MDX2:I.DATA[0].10"
COMMENT,,MDX2:I,"Laser Safety Module Status",,"MDX2:I.DATA[0].11"
COMMENT,,MDX2:I,"Logging Trigger Status",,"MDX2:I.DATA[0].12"
COMMENT,,MDX2:I,"External Lighting Control Status",,"MDX2:I.DATA[0].13"
COMMENT,,MDX2:I,"Busy Status",,"MDX2:I.DATA[1].0"
COMMENT,,MDX2:I,"Marking Busy Status",,"MDX2:I.DATA[1].1"
COMMENT,,MDX2:I,"Guide Laser Busy Status",,"MDX2:I.DATA[1].2"
COMMENT,,MDX2:I,"Job Change Busy Status",,"MDX2:I.DATA[1].3"
COMMENT,,MDX2:I,"Communication Prioirty Error Status",,"MDX2:I.DATA[1].4"
COMMENT,,MDX2:I,"Job Edit Busy Status",,"MDX2:I.DATA[1].5"
COMMENT,,MDX2:I,"Mark Check / 2DC Read Busy Status",,"MDX2:I.DATA[1].6"
COMMENT,,MDX2:I,"Window Monitoring Busy Status",,"MDX2:I.DATA[1].7"
COMMENT,,MDX2:I,"Trigger Lock Status",,"MDX2:I.DATA[2].0"
COMMENT,,MDX2:I,"Operation Stop Status",,"MDX2:I.DATA[2].1"
COMMENT,,MDX2:I,"Laser Control Status",,"MDX2:I.DATA[2].2"
COMMENT,,MDX2:I,"Date Hold Status",,"MDX2:I.DATA[2].3"
COMMENT,,MDX2:I,"Internal Lighting Status",,"MDX2:I.DATA[2].4"
COMMENT,,MDX2:I,"Measurement Laser Stop Status",,"MDX2:I.DATA[2].5"
COMMENT,,MDX2:I,"Date Attach Status",,"MDX2:I.DATA[2].8"
COMMENT,,MDX2:I,"Counter End1 Status",,"MDX2:I.DATA[2].9"
COMMENT,,MDX2:I,"Counter End2 Status",,"MDX2:I.DATA[2].10"
COMMENT,,MDX2:I,"Counter End3 Status",,"MDX2:I.DATA[2].11"
COMMENT,,MDX2:I,"Counter End4 Status",,"MDX2:I.DATA[2].12"
COMMENT,,MDX2:I,"Mark Check / 2DC Read OK Status 1",,"MDX2:I.DATA[2].13"
COMMENT,,MDX2:I,"Mark Check / 2DC Read NG Status 1",,"MDX2:I.DATA[2].14"
COMMENT,,MDX2:I,"Marking Complete1",,"MDX2:I.DATA[2].15"
COMMENT,,MDX2:I,"Mark Check / 2DC Read OK Status 2",,"MDX2:I.DATA[3].0"
COMMENT,,MDX2:I,"Mark Check / 2DC Read NG Status 2",,"MDX2:I.DATA[3].1"
COMMENT,,MDX2:I,"3-Axis Tracking NG Status",,"MDX2:I.DATA[3].2"
COMMENT,,MDX2:I,"3-Axis Tracking OK Status",,"MDX2:I.DATA[3].3"
COMMENT,,MDX2:I,"Marking Complete2",,"MDX2:I.DATA[4].0"
COMMENT,,MDX2:I,"Guide Laser Complete",,"MDX2:I.DATA[4].1"
COMMENT,,MDX2:I,"Laser Stop Complete",,"MDX2:I.DATA[4].2"
COMMENT,,MDX2:I,"Error Clear Complete",,"MDX2:I.DATA[4].3"
COMMENT,,MDX2:I,"2DC Read Complete",,"MDX2:I.DATA[4].4"
COMMENT,,MDX2:I,"Window Monitoring Complete",,"MDX2:I.DATA[4].5"
COMMENT,,MDX2:I,"Job Edit Complete",,"MDX2:I.DATA[4].8"
COMMENT,,MDX2:I,"Job Change Complete",,"MDX2:I.DATA[5].0"
COMMENT,,MDX2:I,"Rank Change Complete",,"MDX2:I.DATA[5].1"
COMMENT,,MDX2:I,"Counter No Complete",,"MDX2:I.DATA[5].2"
COMMENT,,MDX2:I,"Counter Value Complete",,"MDX2:I.DATA[5].3"
COMMENT,,MDX2:I,"Counter Up Complete",,"MDX2:I.DATA[5].4"
COMMENT,,MDX2:I,"Counter Down Complete",,"MDX2:I.DATA[5].5"
COMMENT,,MDX2:I,"Counter Reset Complete",,"MDX2:I.DATA[5].6"
COMMENT,,MDX2:I,"System Info ID Change Complete",,"MDX2:I.DATA[5].8"
COMMENT,,MDX2:I,"Setting String Read Complete",,"MDX2:I.DATA[6].0"
COMMENT,,MDX2:I,"Marked String Read Complete",,"MDX2:I.DATA[6].1"
COMMENT,,MDX2:I,"String Change Complete",,"MDX2:I.DATA[6].2"
COMMENT,,MDX2:I,"Command Send Complete",,"MDX2:I.DATA[7].8"
COMMENT,,MDX2:I,"XY Tracking Result Read Complete",,"MDX2:I.DATA[7].9"
COMMENT,,MDX2:I,"Z Tracking Result Read Complete",,"MDX2:I.DATA[7].10"
COMMENT,,MDX2:I,"Start Marking Request Error",,"MDX2:I.DATA[8].0"
COMMENT,,MDX2:I,"Guide Laser Request Error",,"MDX2:I.DATA[8].1"
COMMENT,,MDX2:I,"Stop Marking Request Error",,"MDX2:I.DATA[8].2"
COMMENT,,MDX2:I,"Error Clear Request Error",,"MDX2:I.DATA[8].3"
COMMENT,,MDX2:I,"2DC Read Request Error",,"MDX2:I.DATA[8].4"
COMMENT,,MDX2:I,"Window Monitoring Request Error",,"MDX2:I.DATA[8].5"
COMMENT,,MDX2:I,"Job Edit Error",,"MDX2:I.DATA[8].8"
COMMENT,,MDX2:I,"Job Change Request Error",,"MDX2:I.DATA[9].0"
COMMENT,,MDX2:I,"Rank Change Request Error",,"MDX2:I.DATA[9].1"
COMMENT,,MDX2:I,"Counter No Change Request Error",,"MDX2:I.DATA[9].2"
COMMENT,,MDX2:I,"Counter Value Change Request Error",,"MDX2:I.DATA[9].3"
COMMENT,,MDX2:I,"Counter Up Request Error",,"MDX2:I.DATA[9].4"
COMMENT,,MDX2:I,"Counter Down Request Error",,"MDX2:I.DATA[9].5"
COMMENT,,MDX2:I,"Counter Reset Request Error",,"MDX2:I.DATA[9].6"
COMMENT,,MDX2:I,"System Info ID Change Error",,"MDX2:I.DATA[9].7"
COMMENT,,MDX2:I,"Setting String Read Request Error",,"MDX2:I.DATA[10].0"
COMMENT,,MDX2:I,"Marked String Read Request Error",,"MDX2:I.DATA[10].1"
COMMENT,,MDX2:I,"String Change Request Error",,"MDX2:I.DATA[10].2"
COMMENT,,MDX2:I,"Command Send Request Error",,"MDX2:I.DATA[11].8"
COMMENT,,MDX2:I,"XY Tracking Result Request Error",,"MDX2:I.DATA[11].9"
COMMENT,,MDX2:I,"Z Tracking Result Request Error",,"MDX2:I.DATA[11].10"
COMMENT,,MDX2:I,"Error Code 1",,"MDX2:I.DATA[12]"
COMMENT,,MDX2:I,"Error Code 2",,"MDX2:I.DATA[13]"
COMMENT,,MDX2:I,"Command Send Error Status",,"MDX2:I.DATA[14]"
COMMENT,,MDX2:I,"Program No Status",,"MDX2:I.DATA[16]"
COMMENT,,MDX2:I,"Counter No Status",,"MDX2:I.DATA[17]"
COMMENT,,MDX2:I,"Counter Value Status",,"MDX2:I.DATA[18]"
COMMENT,,MDX2:I,"Rank Value Status",,"MDX2:I.DATA[20]"
COMMENT,,MDX2:I,"System Info ID",,"MDX2:I.DATA[21]"
COMMENT,,MDX2:I,"System Info Value",,"MDX2:I.DATA[22]"
COMMENT,,MDX2:I,"Marking Check Score / 2DC Read Grade Status 1",,"MDX2:I.DATA[24]"
COMMENT,,MDX2:I,"Marking Check / 2DC Read Total Count Status 1",,"MDX2:I.DATA[25]"
COMMENT,,MDX2:I,"Marking Check Score / 2DC Read Grade Status 2",,"MDX2:I.DATA[26]"
COMMENT,,MDX2:I,"Marking Check / 2DC Read Total Count Status 2",,"MDX2:I.DATA[27]"
COMMENT,,MDX2:I,"Total Marking Count Status",,"MDX2:I.DATA[28]"
COMMENT,,MDX2:I,"Response Data Size",,"MDX2:I.DATA[30]"
COMMENT,,MDX2:I,"Response Data",,"MDX2:I.DATA[31]"
TAG,,MDX2:O,"PLC Outputs$NPLC >> MDX","_016F:MD_X20002500_D544B21B:O:0","","(Class := Standard, ExternalAccess := Read/Write)"
COMMENT,,MDX2:O,"Start Marking Request",,"MDX2:O.DATA[0].0"
COMMENT,,MDX2:O,"Guide Laser Request",,"MDX2:O.DATA[0].1"
COMMENT,,MDX2:O,"Stop Marking Request",,"MDX2:O.DATA[0].2"
COMMENT,,MDX2:O,"Error Clear Request",,"MDX2:O.DATA[0].3"
COMMENT,,MDX2:O,"2DC Read Request",,"MDX2:O.DATA[0].4"
COMMENT,,MDX2:O,"Window Monitoring Request",,"MDX2:O.DATA[0].5"
COMMENT,,MDX2:O,"Job Edit Start Request",,"MDX2:O.DATA[0].8"
COMMENT,,MDX2:O,"Job Change Request",,"MDX2:O.DATA[1].0"
COMMENT,,MDX2:O,"Rank Change Request",,"MDX2:O.DATA[1].1"
COMMENT,,MDX2:O,"Counter No Change Request",,"MDX2:O.DATA[1].2"
COMMENT,,MDX2:O,"Counter Value Change Request",,"MDX2:O.DATA[1].3"
COMMENT,,MDX2:O,"Counter Up Request",,"MDX2:O.DATA[1].4"
COMMENT,,MDX2:O,"Counter Down Request",,"MDX2:O.DATA[1].5"
COMMENT,,MDX2:O,"Counter Reset Request",,"MDX2:O.DATA[1].6"
COMMENT,,MDX2:O,"System Info ID Change Request",,"MDX2:O.DATA[1].8"
COMMENT,,MDX2:O,"Setting String Read Request",,"MDX2:O.DATA[2].8"
COMMENT,,MDX2:O,"Marked String Read Request",,"MDX2:O.DATA[2].9"
COMMENT,,MDX2:O,"String Change Request",,"MDX2:O.DATA[2].10"
COMMENT,,MDX2:O,"Command Send Request",,"MDX2:O.DATA[3].8"
COMMENT,,MDX2:O,"XY Tracking Result Request",,"MDX2:O.DATA[3].9"
COMMENT,,MDX2:O,"Z Tracking Result Request",,"MDX2:O.DATA[3].10"
COMMENT,,MDX2:O,"Trigger Lock Request",,"MDX2:O.DATA[4].0"
COMMENT,,MDX2:O,"Operation Stop Request",,"MDX2:O.DATA[4].1"
COMMENT,,MDX2:O,"Laser Stop Request",,"MDX2:O.DATA[4].2"
COMMENT,,MDX2:O,"Date Hold Request",,"MDX2:O.DATA[4].3"
COMMENT,,MDX2:O,"Internal Lighting Request",,"MDX2:O.DATA[4].4"
COMMENT,,MDX2:O,"Measurement Laser Stop Request",,"MDX2:O.DATA[4].5"
COMMENT,,MDX2:O,"Marking Complete Bit Clear",,"MDX2:O.DATA[6].0"
COMMENT,,MDX2:O,"Guide Laser Complete Bit Clear",,"MDX2:O.DATA[6].1"
COMMENT,,MDX2:O,"Laser Stop Complete Bit Clear",,"MDX2:O.DATA[6].2"
COMMENT,,MDX2:O,"Error Clear Complete Bit Clear",,"MDX2:O.DATA[6].3"
COMMENT,,MDX2:O,"2DC Read Complete Bit Clear",,"MDX2:O.DATA[6].4"
COMMENT,,MDX2:O,"Window Monitoring Complete Bit Clear",,"MDX2:O.DATA[6].5"
COMMENT,,MDX2:O,"Job Edit Complete Bit Clear",,"MDX2:O.DATA[6].8"
COMMENT,,MDX2:O,"Job Change Complete Bit Clear",,"MDX2:O.DATA[7].0"
COMMENT,,MDX2:O,"Rank Change Complete Bit Clear",,"MDX2:O.DATA[7].1"
COMMENT,,MDX2:O,"Counter No Change Complete Bit Clear",,"MDX2:O.DATA[7].2"
COMMENT,,MDX2:O,"Counter Value Change Complete Bit Clear",,"MDX2:O.DATA[7].3"
COMMENT,,MDX2:O,"Count Up Complete Bit Clear",,"MDX2:O.DATA[7].4"
COMMENT,,MDX2:O,"Count Down Compete Bit Clear",,"MDX2:O.DATA[7].5"
COMMENT,,MDX2:O,"Counter Reset Complete Bit Clear",,"MDX2:O.DATA[7].6"
COMMENT,,MDX2:O,"System Info ID Change Complete Clear",,"MDX2:O.DATA[7].8"
COMMENT,,MDX2:O,"Setting String Read Complete Bit Clear",,"MDX2:O.DATA[8].0"
COMMENT,,MDX2:O,"Marked String Read Complete Bit Clear",,"MDX2:O.DATA[8].1"
COMMENT,,MDX2:O,"String Change Complete Bit Clear",,"MDX2:O.DATA[8].2"
COMMENT,,MDX2:O,"Command Send Complete Bit Clear",,"MDX2:O.DATA[9].8"
COMMENT,,MDX2:O,"3-Axis Tracking Result Read Complete Bit Clear",,"MDX2:O.DATA[9].9"
COMMENT,,MDX2:O,"Request No",,"MDX2:O.DATA[10]"
COMMENT,,MDX2:O,"Request Data Size",,"MDX2:O.DATA[12]"
COMMENT,,MDX2:O,"Request Data",,"MDX2:O.DATA[13]"
TAG,,IAI_DwnStacker:C,"","AB:ETHERNET_MODULE:C:0","","(Class := Standard, ExternalAccess := Read/Write)"
TAG,,IAI_DwnStacker:I,"","AB:ETHERNET_MODULE_INT_32Bytes:I:0","","(Class := Standard, ExternalAccess := Read/Write)"
TAG,,IAI_DwnStacker:O,"","AB:ETHERNET_MODULE_INT_32Bytes:O:0","","(Class := Standard, ExternalAccess := Read/Write)"
TAG,,Station100_Robot:C,"","AB:ETHERNET_MODULE:C:0","","(Class := Standard, ExternalAccess := Read/Write)"
TAG,,Station100_Robot:I,"","AB:ETHERNET_MODULE_SINT_256Bytes:I:0","","(Class := Standard, ExternalAccess := Read/Write)"
TAG,,Station100_Robot:O,"","AB:ETHERNET_MODULE_SINT_256Bytes:O:0","","(Class := Standard, ExternalAccess := Read/Write)"
TAG,,IAI_UpStacker:C,"","AB:ETHERNET_MODULE:C:0","","(Class := Standard, ExternalAccess := Read/Write)"
TAG,,IAI_UpStacker:I,"","AB:ETHERNET_MODULE_INT_32Bytes:I:0","","(Class := Standard, ExternalAccess := Read/Write)"
TAG,,IAI_UpStacker:O,"","AB:ETHERNET_MODULE_INT_32Bytes:O:0","","(Class := Standard, ExternalAccess := Read/Write)"
TAG,,IV3:I,"","_016F:IV3Series_47B662C3:I:0","","(Class := Standard, ExternalAccess := Read/Write)"
COMMENT,,IV3:I,"Trigger response",,"IV3:I.DATA[0].0"
COMMENT,,IV3:I,"Master image regestration response",,"IV3:I.DATA[0].1"
COMMENT,,IV3:I,"Program switching response",,"IV3:I.DATA[0].2"
COMMENT,,IV3:I,"Warning clear response",,"IV3:I.DATA[0].3"
COMMENT,,IV3:I,"Statistics reset response",,"IV3:I.DATA[0].4"
COMMENT,,IV3:I,"Buffer clear response",,"IV3:I.DATA[0].5"
COMMENT,,IV3:I,"SD card saving stop response",,"IV3:I.DATA[0].6"
COMMENT,,IV3:I,"Setting value change response",,"IV3:I.DATA[0].7"
COMMENT,,IV3:I,"Trigger failed",,"IV3:I.DATA[0].8"
COMMENT,,IV3:I,"Master image regestration failed",,"IV3:I.DATA[0].9"
COMMENT,,IV3:I,"Program switching failed",,"IV3:I.DATA[0].10"
COMMENT,,IV3:I,"Reserved",,"IV3:I.DATA[0].11"
COMMENT,,IV3:I,"Reserved",,"IV3:I.DATA[0].12"
COMMENT,,IV3:I,"Reserved",,"IV3:I.DATA[0].13"
COMMENT,,IV3:I,"SD card saving stop failed",,"IV3:I.DATA[0].14"
COMMENT,,IV3:I,"Setting value change failed",,"IV3:I.DATA[0].15"
COMMENT,,IV3:I,"Result available",,"IV3:I.DATA[1].0"
COMMENT,,IV3:I,"Result update complete",,"IV3:I.DATA[1].1"
COMMENT,,IV3:I,"Busy",,"IV3:I.DATA[1].2"
COMMENT,,IV3:I,"Imaging",,"IV3:I.DATA[1].3"
COMMENT,,IV3:I,"RUN",,"IV3:I.DATA[1].4"
COMMENT,,IV3:I,"Ready",,"IV3:I.DATA[1].5"
COMMENT,,IV3:I,"Reserved",,"IV3:I.DATA[1].6"
COMMENT,,IV3:I,"SD card identification status",,"IV3:I.DATA[1].7"
COMMENT,,IV3:I,"Sorting mode information",,"IV3:I.DATA[1].8"
COMMENT,,IV3:I,"Reserved",,"IV3:I.DATA[1].9"
COMMENT,,IV3:I,"Reserved",,"IV3:I.DATA[1].10"
COMMENT,,IV3:I,"Reserved",,"IV3:I.DATA[1].11"
COMMENT,,IV3:I,"Insufficient free space on SD card",,"IV3:I.DATA[1].12"
COMMENT,,IV3:I,"Buffer overrun status",,"IV3:I.DATA[1].13"
COMMENT,,IV3:I,"Warning status",,"IV3:I.DATA[1].14"
COMMENT,,IV3:I,"Error status",,"IV3:I.DATA[1].15"
COMMENT,,IV3:I,"Overall judgment OK",,"IV3:I.DATA[2].0"
COMMENT,,IV3:I,"Position correction",,"IV3:I.DATA[2].1"
COMMENT,,IV3:I,"Logic 1",,"IV3:I.DATA[2].2"
COMMENT,,IV3:I,"Logic 2",,"IV3:I.DATA[2].3"
COMMENT,,IV3:I,"Logic 3",,"IV3:I.DATA[2].4"
COMMENT,,IV3:I,"Logic 4",,"IV3:I.DATA[2].5"
COMMENT,,IV3:I,"Overall judgment NG",,"IV3:I.DATA[2].6"
COMMENT,,IV3:I,"Reserved",,"IV3:I.DATA[2].7"
COMMENT,,IV3:I,"Reserved",,"IV3:I.DATA[2].8"
COMMENT,,IV3:I,"Reserved",,"IV3:I.DATA[2].9"
COMMENT,,IV3:I,"Reserved",,"IV3:I.DATA[2].10"
COMMENT,,IV3:I,"Reserved",,"IV3:I.DATA[2].11"
COMMENT,,IV3:I,"Reserved",,"IV3:I.DATA[2].12"
COMMENT,,IV3:I,"Reserved",,"IV3:I.DATA[2].13"
COMMENT,,IV3:I,"Reserved",,"IV3:I.DATA[2].14"
COMMENT,,IV3:I,"Reserved",,"IV3:I.DATA[2].15"
COMMENT,,IV3:I,"Tool 1",,"IV3:I.DATA[3].0"
COMMENT,,IV3:I,"Tool 2",,"IV3:I.DATA[3].1"
COMMENT,,IV3:I,"Tool 3",,"IV3:I.DATA[3].2"
COMMENT,,IV3:I,"Tool 4",,"IV3:I.DATA[3].3"
COMMENT,,IV3:I,"Tool 5",,"IV3:I.DATA[3].4"
COMMENT,,IV3:I,"Tool 6",,"IV3:I.DATA[3].5"
COMMENT,,IV3:I,"Tool 7",,"IV3:I.DATA[3].6"
COMMENT,,IV3:I,"Tool 8",,"IV3:I.DATA[3].7"
COMMENT,,IV3:I,"Tool 9",,"IV3:I.DATA[3].8"
COMMENT,,IV3:I,"Tool 10",,"IV3:I.DATA[3].9"
COMMENT,,IV3:I,"Tool 11",,"IV3:I.DATA[3].10"
COMMENT,,IV3:I,"Tool 12",,"IV3:I.DATA[3].11"
COMMENT,,IV3:I,"Tool 13",,"IV3:I.DATA[3].12"
COMMENT,,IV3:I,"Tool 14",,"IV3:I.DATA[3].13"
COMMENT,,IV3:I,"Tool 15",,"IV3:I.DATA[3].14"
COMMENT,,IV3:I,"Tool 16",,"IV3:I.DATA[3].15"
COMMENT,,IV3:I,"Error code",,"IV3:I.DATA[4]"
COMMENT,,IV3:I,"Warning code",,"IV3:I.DATA[5]"
COMMENT,,IV3:I,"Number of remaining buffers",,"IV3:I.DATA[6]"
COMMENT,,IV3:I,"Checksum",,"IV3:I.DATA[7]"
COMMENT,,IV3:I,"Current Program No.",,"IV3:I.DATA[8]"
COMMENT,,IV3:I,"Program No. during judgment",,"IV3:I.DATA[9]"
COMMENT,,IV3:I,"Result No.",,"IV3:I.DATA[10]"
COMMENT,,IV3:I,"Processing time",,"IV3:I.DATA[11]"
COMMENT,,IV3:I,"Processing time MAX",,"IV3:I.DATA[12]"
COMMENT,,IV3:I,"Processing time MIN",,"IV3:I.DATA[13]"
COMMENT,,IV3:I,"Processing time AVE",,"IV3:I.DATA[14]"
COMMENT,,IV3:I,"Reserved",,"IV3:I.DATA[15]"
COMMENT,,IV3:I,"Number of triggers",,"IV3:I.DATA[16]"
COMMENT,,IV3:I,"Number of triggers",,"IV3:I.DATA[17]"
COMMENT,,IV3:I,"OK count (standard mode) Total sort count (sorting mode)",,"IV3:I.DATA[18]"
COMMENT,,IV3:I,"OK count (standard mode) Total sort count (sorting mode)",,"IV3:I.DATA[19]"
COMMENT,,IV3:I,"Number of NGs (standard mode/sorting mode)",,"IV3:I.DATA[20]"
COMMENT,,IV3:I,"Number of NGs (standard mode/sorting mode)",,"IV3:I.DATA[21]"
COMMENT,,IV3:I,"Number of trigger errors",,"IV3:I.DATA[22]"
COMMENT,,IV3:I,"Number of trigger errors",,"IV3:I.DATA[23]"
COMMENT,,IV3:I,"Reserved",,"IV3:I.DATA[24]"
COMMENT,,IV3:I,"Reserved",,"IV3:I.DATA[25]"
COMMENT,,IV3:I,"Position adjustment tool matching rate",,"IV3:I.DATA[26]"
COMMENT,,IV3:I,"Position adjustment tool matching rate MAX",,"IV3:I.DATA[27]"
COMMENT,,IV3:I,"Position adjustment tool matching rate MIN",,"IV3:I.DATA[28]"
COMMENT,,IV3:I,"Position adjustment tool threshold",,"IV3:I.DATA[29]"
COMMENT,,IV3:I,"Reserved",,"IV3:I.DATA[30]"
COMMENT,,IV3:I,"Reserved",,"IV3:I.DATA[31]"
COMMENT,,IV3:I,"Reserved",,"IV3:I.DATA[32]"
COMMENT,,IV3:I,"Reserved",,"IV3:I.DATA[33]"
COMMENT,,IV3:I,"Reserved",,"IV3:I.DATA[34]"
COMMENT,,IV3:I,"Reserved",,"IV3:I.DATA[35]"
COMMENT,,IV3:I,"Tool 1 matching rate",,"IV3:I.DATA[36]"
COMMENT,,IV3:I,"Tool 1 matching rate MAX",,"IV3:I.DATA[37]"
COMMENT,,IV3:I,"Tool 1 matching rate MIN",,"IV3:I.DATA[38]"
COMMENT,,IV3:I,"Tool 1 lower threshold",,"IV3:I.DATA[39]"
COMMENT,,IV3:I,"Tool 1 upper threshold",,"IV3:I.DATA[40]"
COMMENT,,IV3:I,"Tool 1 decimal point position",,"IV3:I.DATA[41]"
COMMENT,,IV3:I,"Tool 1 pitch present value MAX, color average H (hue)",,"IV3:I.DATA[42]"
COMMENT,,IV3:I,"Tool 1 pitch present value MIN, color average S (saturation)",,"IV3:I.DATA[43]"
COMMENT,,IV3:I,"Tool 1 number of pitches, color average V (brightness), brightness average",,"IV3:I.DATA[44]"
COMMENT,,IV3:I,"Reserved",,"IV3:I.DATA[45]"
COMMENT,,IV3:I,"Tool 2 matching rate",,"IV3:I.DATA[46]"
COMMENT,,IV3:I,"Tool 2 matching rate MAX",,"IV3:I.DATA[47]"
COMMENT,,IV3:I,"Tool 2 matching rate MIN",,"IV3:I.DATA[48]"
COMMENT,,IV3:I,"Tool 2 lower threshold",,"IV3:I.DATA[49]"
COMMENT,,IV3:I,"Tool 2 upper threshold",,"IV3:I.DATA[50]"
COMMENT,,IV3:I,"Tool 2 decimal point position",,"IV3:I.DATA[51]"
COMMENT,,IV3:I,"Tool 2 pitch present value MAX, color average H (hue)",,"IV3:I.DATA[52]"
COMMENT,,IV3:I,"Tool 2 pitch present value MIN, color average S (saturation)",,"IV3:I.DATA[53]"
COMMENT,,IV3:I,"Tool 2 number of pitches, color average V (brightness), brightness average",,"IV3:I.DATA[54]"
COMMENT,,IV3:I,"Reserved",,"IV3:I.DATA[55]"
COMMENT,,IV3:I,"Tool 3 matching rate",,"IV3:I.DATA[56]"
COMMENT,,IV3:I,"Tool 3 matching rate MAX",,"IV3:I.DATA[57]"
COMMENT,,IV3:I,"Tool 3 matching rate MIN",,"IV3:I.DATA[58]"
COMMENT,,IV3:I,"Tool 3 lower threshold",,"IV3:I.DATA[59]"
COMMENT,,IV3:I,"Tool 3 upper threshold",,"IV3:I.DATA[60]"
COMMENT,,IV3:I,"Tool 3 decimal point position",,"IV3:I.DATA[61]"
COMMENT,,IV3:I,"Tool 3 pitch present value MAX, color average H (hue)",,"IV3:I.DATA[62]"
COMMENT,,IV3:I,"Tool 3 pitch present value MIN, color average S (saturation)",,"IV3:I.DATA[63]"
COMMENT,,IV3:I,"Tool 3 number of pitches, color average V (brightness), brightness average",,"IV3:I.DATA[64]"
COMMENT,,IV3:I,"Reserved",,"IV3:I.DATA[65]"
COMMENT,,IV3:I,"Tool 4 matching rate",,"IV3:I.DATA[66]"
COMMENT,,IV3:I,"Tool 4 matching rate MAX",,"IV3:I.DATA[67]"
COMMENT,,IV3:I,"Tool 4 matching rate MIN",,"IV3:I.DATA[68]"
COMMENT,,IV3:I,"Tool 4 lower threshold",,"IV3:I.DATA[69]"
COMMENT,,IV3:I,"Tool 4 upper threshold",,"IV3:I.DATA[70]"
COMMENT,,IV3:I,"Tool 4 decimal point position",,"IV3:I.DATA[71]"
COMMENT,,IV3:I,"Tool 4 pitch present value MAX, color average H (hue)",,"IV3:I.DATA[72]"
COMMENT,,IV3:I,"Tool 4 pitch present value MIN, color average S (saturation)",,"IV3:I.DATA[73]"
COMMENT,,IV3:I,"Tool 4 number of pitches, color average V (brightness), brightness average",,"IV3:I.DATA[74]"
COMMENT,,IV3:I,"Reserved",,"IV3:I.DATA[75]"
COMMENT,,IV3:I,"Tool 5 matching rate",,"IV3:I.DATA[76]"
COMMENT,,IV3:I,"Tool 5 matching rate MAX",,"IV3:I.DATA[77]"
COMMENT,,IV3:I,"Tool 5 matching rate MIN",,"IV3:I.DATA[78]"
COMMENT,,IV3:I,"Tool 5 lower threshold",,"IV3:I.DATA[79]"
COMMENT,,IV3:I,"Tool 5 upper threshold",,"IV3:I.DATA[80]"
COMMENT,,IV3:I,"Tool 5 decimal point position",,"IV3:I.DATA[81]"
COMMENT,,IV3:I,"Tool 5 pitch present value MAX, color average H (hue)",,"IV3:I.DATA[82]"
COMMENT,,IV3:I,"Tool 5 pitch present value MIN, color average S (saturation)",,"IV3:I.DATA[83]"
COMMENT,,IV3:I,"Tool 5 number of pitches, color average V (brightness), brightness average",,"IV3:I.DATA[84]"
COMMENT,,IV3:I,"Reserved",,"IV3:I.DATA[85]"
COMMENT,,IV3:I,"Tool 6 matching rate",,"IV3:I.DATA[86]"
COMMENT,,IV3:I,"Tool 6 matching rate MAX",,"IV3:I.DATA[87]"
COMMENT,,IV3:I,"Tool 6 matching rate MIN",,"IV3:I.DATA[88]"
COMMENT,,IV3:I,"Tool 6 lower threshold",,"IV3:I.DATA[89]"
COMMENT,,IV3:I,"Tool 6 upper threshold",,"IV3:I.DATA[90]"
COMMENT,,IV3:I,"Tool 6 decimal point position",,"IV3:I.DATA[91]"
COMMENT,,IV3:I,"Tool 6 pitch present value MAX, color average H (hue)",,"IV3:I.DATA[92]"
COMMENT,,IV3:I,"Tool 6 pitch present value MIN, color average S (saturation)",,"IV3:I.DATA[93]"
COMMENT,,IV3:I,"Tool 6 number of pitches, color average V (brightness), brightness average",,"IV3:I.DATA[94]"
COMMENT,,IV3:I,"Reserved",,"IV3:I.DATA[95]"
COMMENT,,IV3:I,"Tool 7 matching rate",,"IV3:I.DATA[96]"
COMMENT,,IV3:I,"Tool 7 matching rate MAX",,"IV3:I.DATA[97]"
COMMENT,,IV3:I,"Tool 7 matching rate MIN",,"IV3:I.DATA[98]"
COMMENT,,IV3:I,"Tool 7 lower threshold",,"IV3:I.DATA[99]"
COMMENT,,IV3:I,"Tool 7 upper threshold",,"IV3:I.DATA[100]"
COMMENT,,IV3:I,"Tool 7 decimal point position",,"IV3:I.DATA[101]"
COMMENT,,IV3:I,"Tool 7 pitch present value MAX, color average H (hue)",,"IV3:I.DATA[102]"
COMMENT,,IV3:I,"Tool 7 pitch present value MIN, color average S (saturation)",,"IV3:I.DATA[103]"
COMMENT,,IV3:I,"Tool 7 number of pitches, color average V (brightness), brightness average",,"IV3:I.DATA[104]"
COMMENT,,IV3:I,"Reserved",,"IV3:I.DATA[105]"
COMMENT,,IV3:I,"Tool 8 matching rate",,"IV3:I.DATA[106]"
COMMENT,,IV3:I,"Tool 8 matching rate MAX",,"IV3:I.DATA[107]"
COMMENT,,IV3:I,"Tool 8 matching rate MIN",,"IV3:I.DATA[108]"
COMMENT,,IV3:I,"Tool 8 lower threshold",,"IV3:I.DATA[109]"
COMMENT,,IV3:I,"Tool 8 upper threshold",,"IV3:I.DATA[110]"
COMMENT,,IV3:I,"Tool 8 decimal point position",,"IV3:I.DATA[111]"
COMMENT,,IV3:I,"Tool 8 pitch present value MAX, color average H (hue)",,"IV3:I.DATA[112]"
COMMENT,,IV3:I,"Tool 8 pitch present value MIN, color average S (saturation)",,"IV3:I.DATA[113]"
COMMENT,,IV3:I,"Tool 8 number of pitches, color average V (brightness), brightness average",,"IV3:I.DATA[114]"
COMMENT,,IV3:I,"Reserved",,"IV3:I.DATA[115]"
COMMENT,,IV3:I,"Tool 9 matching rate",,"IV3:I.DATA[116]"
COMMENT,,IV3:I,"Tool 9 matching rate MAX",,"IV3:I.DATA[117]"
COMMENT,,IV3:I,"Tool 9 matching rate MIN",,"IV3:I.DATA[118]"
COMMENT,,IV3:I,"Tool 9 lower threshold",,"IV3:I.DATA[119]"
COMMENT,,IV3:I,"Tool 9 upper threshold",,"IV3:I.DATA[120]"
COMMENT,,IV3:I,"Tool 9 decimal point position",,"IV3:I.DATA[121]"
COMMENT,,IV3:I,"Tool 9 pitch present value MAX, color average H (hue)",,"IV3:I.DATA[122]"
COMMENT,,IV3:I,"Tool 9 pitch present value MIN, color average S (saturation)",,"IV3:I.DATA[123]"
COMMENT,,IV3:I,"Tool 9 number of pitches, color average V (brightness), brightness average",,"IV3:I.DATA[124]"
COMMENT,,IV3:I,"Reserved",,"IV3:I.DATA[125]"
COMMENT,,IV3:I,"Tool 10 matching rate",,"IV3:I.DATA[126]"
COMMENT,,IV3:I,"Tool 10 matching rate MAX",,"IV3:I.DATA[127]"
COMMENT,,IV3:I,"Tool 10 matching rate MIN",,"IV3:I.DATA[128]"
COMMENT,,IV3:I,"Tool 10 lower threshold",,"IV3:I.DATA[129]"
COMMENT,,IV3:I,"Tool 10 upper threshold",,"IV3:I.DATA[130]"
COMMENT,,IV3:I,"Tool 10 decimal point position",,"IV3:I.DATA[131]"
COMMENT,,IV3:I,"Tool 10 pitch present value MAX, color average H (hue)",,"IV3:I.DATA[132]"
COMMENT,,IV3:I,"Tool 10 pitch present value MIN, color average S (saturation)",,"IV3:I.DATA[133]"
COMMENT,,IV3:I,"Tool 10 number of pitches, color average V (brightness), brightness average",,"IV3:I.DATA[134]"
COMMENT,,IV3:I,"Reserved",,"IV3:I.DATA[135]"
COMMENT,,IV3:I,"Tool 11 matching rate",,"IV3:I.DATA[136]"
COMMENT,,IV3:I,"Tool 11 matching rate MAX",,"IV3:I.DATA[137]"
COMMENT,,IV3:I,"Tool 11 matching rate MIN",,"IV3:I.DATA[138]"
COMMENT,,IV3:I,"Tool 11 lower threshold",,"IV3:I.DATA[139]"
COMMENT,,IV3:I,"Tool 11 upper threshold",,"IV3:I.DATA[140]"
COMMENT,,IV3:I,"Tool 11 decimal point position",,"IV3:I.DATA[141]"
COMMENT,,IV3:I,"Tool 11 pitch present value MAX, color average H (hue)",,"IV3:I.DATA[142]"
COMMENT,,IV3:I,"Tool 11 pitch present value MIN, color average S (saturation)",,"IV3:I.DATA[143]"
COMMENT,,IV3:I,"Tool 11 number of pitches, color average V (brightness), brightness average",,"IV3:I.DATA[144]"
COMMENT,,IV3:I,"Reserved",,"IV3:I.DATA[145]"
COMMENT,,IV3:I,"Tool 12 matching rate",,"IV3:I.DATA[146]"
COMMENT,,IV3:I,"Tool 12 matching rate MAX",,"IV3:I.DATA[147]"
COMMENT,,IV3:I,"Tool 12 matching rate MIN",,"IV3:I.DATA[148]"
COMMENT,,IV3:I,"Tool 12 lower threshold",,"IV3:I.DATA[149]"
COMMENT,,IV3:I,"Tool 12 upper threshold",,"IV3:I.DATA[150]"
COMMENT,,IV3:I,"Tool 12 decimal point position",,"IV3:I.DATA[151]"
COMMENT,,IV3:I,"Tool 12 pitch present value MAX, color average H (hue)",,"IV3:I.DATA[152]"
COMMENT,,IV3:I,"Tool 12 pitch present value MIN, color average S (saturation)",,"IV3:I.DATA[153]"
COMMENT,,IV3:I,"Tool 12 number of pitches, color average V (brightness), brightness average",,"IV3:I.DATA[154]"
COMMENT,,IV3:I,"Reserved",,"IV3:I.DATA[155]"
COMMENT,,IV3:I,"Tool 13 matching rate",,"IV3:I.DATA[156]"
COMMENT,,IV3:I,"Tool 13 matching rate MAX",,"IV3:I.DATA[157]"
COMMENT,,IV3:I,"Tool 13 matching rate MIN",,"IV3:I.DATA[158]"
COMMENT,,IV3:I,"Tool 13 lower threshold",,"IV3:I.DATA[159]"
COMMENT,,IV3:I,"Tool 13 upper threshold",,"IV3:I.DATA[160]"
COMMENT,,IV3:I,"Tool 13 decimal point position",,"IV3:I.DATA[161]"
COMMENT,,IV3:I,"Tool 13 pitch present value MAX, color average H (hue)",,"IV3:I.DATA[162]"
COMMENT,,IV3:I,"Tool 13 pitch present value MIN, color average S (saturation)",,"IV3:I.DATA[163]"
COMMENT,,IV3:I,"Tool 13 number of pitches, color average V (brightness), brightness average",,"IV3:I.DATA[164]"
COMMENT,,IV3:I,"Reserved",,"IV3:I.DATA[165]"
COMMENT,,IV3:I,"Tool 14 matching rate",,"IV3:I.DATA[166]"
COMMENT,,IV3:I,"Tool 14 matching rate MAX",,"IV3:I.DATA[167]"
COMMENT,,IV3:I,"Tool 14 matching rate MIN",,"IV3:I.DATA[168]"
COMMENT,,IV3:I,"Tool 14 lower threshold",,"IV3:I.DATA[169]"
COMMENT,,IV3:I,"Tool 14 upper threshold",,"IV3:I.DATA[170]"
COMMENT,,IV3:I,"Tool 14 decimal point position",,"IV3:I.DATA[171]"
COMMENT,,IV3:I,"Tool 14 pitch present value MAX, color average H (hue)",,"IV3:I.DATA[172]"
COMMENT,,IV3:I,"Tool 14 pitch present value MIN, color average S (saturation)",,"IV3:I.DATA[173]"
COMMENT,,IV3:I,"Tool 14 number of pitches, color average V (brightness), brightness average",,"IV3:I.DATA[174]"
COMMENT,,IV3:I,"Reserved",,"IV3:I.DATA[175]"
COMMENT,,IV3:I,"Tool 15 matching rate",,"IV3:I.DATA[176]"
COMMENT,,IV3:I,"Tool 15 matching rate MAX",,"IV3:I.DATA[177]"
COMMENT,,IV3:I,"Tool 15 matching rate MIN",,"IV3:I.DATA[178]"
COMMENT,,IV3:I,"Tool 15 lower threshold",,"IV3:I.DATA[179]"
COMMENT,,IV3:I,"Tool 15 upper threshold",,"IV3:I.DATA[180]"
COMMENT,,IV3:I,"Tool 15 decimal point position",,"IV3:I.DATA[181]"
COMMENT,,IV3:I,"Tool 15 pitch present value MAX, color average H (hue)",,"IV3:I.DATA[182]"
COMMENT,,IV3:I,"Tool 15 pitch present value MIN, color average S (saturation)",,"IV3:I.DATA[183]"
COMMENT,,IV3:I,"Tool 15 number of pitches, color average V (brightness), brightness average",,"IV3:I.DATA[184]"
COMMENT,,IV3:I,"Reserved",,"IV3:I.DATA[185]"
COMMENT,,IV3:I,"Tool 16 matching rate",,"IV3:I.DATA[186]"
COMMENT,,IV3:I,"Tool 16 matching rate MAX",,"IV3:I.DATA[187]"
COMMENT,,IV3:I,"Tool 16 matching rate MIN",,"IV3:I.DATA[188]"
COMMENT,,IV3:I,"Tool 16 lower threshold",,"IV3:I.DATA[189]"
COMMENT,,IV3:I,"Tool 16 upper threshold",,"IV3:I.DATA[190]"
COMMENT,,IV3:I,"Tool 16 decimal point position",,"IV3:I.DATA[191]"
COMMENT,,IV3:I,"Tool 16 pitch present value MAX, color average H (hue)",,"IV3:I.DATA[192]"
COMMENT,,IV3:I,"Tool 16 pitch present value MIN, color average S (saturation)",,"IV3:I.DATA[193]"
COMMENT,,IV3:I,"Tool 16 number of pitches, color average V (brightness), brightness average",,"IV3:I.DATA[194]"
COMMENT,,IV3:I,"Reserved",,"IV3:I.DATA[195]"
COMMENT,,IV3:I,"master number/total status product type",,"IV3:I.DATA[196]"
TAG,,IV3:O,"","_016F:IV3Series_E8E6FFA2:O:0","","(Class := Standard, ExternalAccess := Read/Write)"
COMMENT,,IV3:O,"Trigger request",,"IV3:O.DATA[0].0"
COMMENT,,IV3:O,"Master image registration request",,"IV3:O.DATA[0].1"
COMMENT,,IV3:O,"Program switching request",,"IV3:O.DATA[0].2"
COMMENT,,IV3:O,"Warning clear request",,"IV3:O.DATA[0].3"
COMMENT,,IV3:O,"Statistics reset request",,"IV3:O.DATA[0].4"
COMMENT,,IV3:O,"Buffer clear request",,"IV3:O.DATA[0].5"
COMMENT,,IV3:O,"SD card saving stop request",,"IV3:O.DATA[0].6"
COMMENT,,IV3:O,"Setting value change request",,"IV3:O.DATA[0].7"
COMMENT,,IV3:O,"Reserved",,"IV3:O.DATA[0].8"
COMMENT,,IV3:O,"Reserved",,"IV3:O.DATA[0].9"
COMMENT,,IV3:O,"Reserved",,"IV3:O.DATA[0].10"
COMMENT,,IV3:O,"Reserved",,"IV3:O.DATA[0].11"
COMMENT,,IV3:O,"Reserved",,"IV3:O.DATA[0].12"
COMMENT,,IV3:O,"Reserved",,"IV3:O.DATA[0].13"
COMMENT,,IV3:O,"Reserved",,"IV3:O.DATA[0].14"
COMMENT,,IV3:O,"Reserved",,"IV3:O.DATA[0].15"
COMMENT,,IV3:O,"Result acquisition complete notification",,"IV3:O.DATA[1].0"
COMMENT,,IV3:O,"Reserved",,"IV3:O.DATA[1].1"
COMMENT,,IV3:O,"Reserved",,"IV3:O.DATA[1].2"
COMMENT,,IV3:O,"Reserved",,"IV3:O.DATA[1].3"
COMMENT,,IV3:O,"Reserved",,"IV3:O.DATA[1].4"
COMMENT,,IV3:O,"Reserved",,"IV3:O.DATA[1].5"
COMMENT,,IV3:O,"Reserved",,"IV3:O.DATA[1].6"
COMMENT,,IV3:O,"Reserved",,"IV3:O.DATA[1].7"
COMMENT,,IV3:O,"Reserved",,"IV3:O.DATA[1].8"
COMMENT,,IV3:O,"Reserved",,"IV3:O.DATA[1].9"
COMMENT,,IV3:O,"Reserved",,"IV3:O.DATA[1].10"
COMMENT,,IV3:O,"Reserved",,"IV3:O.DATA[1].11"
COMMENT,,IV3:O,"Reserved",,"IV3:O.DATA[1].12"
COMMENT,,IV3:O,"Reserved",,"IV3:O.DATA[1].13"
COMMENT,,IV3:O,"Reserved",,"IV3:O.DATA[1].14"
COMMENT,,IV3:O,"Reserved",,"IV3:O.DATA[1].15"
COMMENT,,IV3:O,"Program number",,"IV3:O.DATA[2]"
COMMENT,,IV3:O,"Upper/lower limit setting No./Master text setting No./FTP/Sdsaved setting No.",,"IV3:O.DATA[3]"
COMMENT,,IV3:O,"Upper/lower limit/Master Text/FTP/SD saving settings",,"IV3:O.DATA[4]"
COMMENT,,IV3:O,"Upper/lower limit/Master Text/FTP/SD saving settings",,"IV3:O.DATA[5]"
TAG,,COMM2104:1:C,"","AB:1734_DI8:C:0","","(Class := Standard, ExternalAccess := Read/Write)"
ALIAS,,COMM2104:1:I,"","","COMM2104:I.Data[1]","(RADIX := Binary, ExternalAccess := Read/Write)"
TAG,,COMM2104:2:C,"","AB:1734_DI8:C:0","","(Class := Standard, ExternalAccess := Read/Write)"
ALIAS,,COMM2104:2:I,"","","COMM2104:I.Data[2]","(RADIX := Binary, ExternalAccess := Read/Write)"
TAG,,COMM2104:3:C,"","AB:1734_DO8_NoDiag:C:0","","(Class := Standard, ExternalAccess := Read/Write)"
ALIAS,,COMM2104:3:I,"","","COMM2104:I.Data[3]","(RADIX := Binary, ExternalAccess := Read/Write)"
ALIAS,,COMM2104:3:O,"","","COMM2104:O.Data[3]","(RADIX := Binary, ExternalAccess := Read/Write)"
TAG,,COMM2104:4:C,"","AB:1734_DO8_NoDiag:C:0","","(Class := Standard, ExternalAccess := Read/Write)"
ALIAS,,COMM2104:4:I,"","","COMM2104:I.Data[4]","(RADIX := Binary, ExternalAccess := Read/Write)"
ALIAS,,COMM2104:4:O,"","","COMM2104:O.Data[4]","(RADIX := Binary, ExternalAccess := Read/Write)"
TAG,,COMM2104:I,"","AB:1734_5SLOT:I:0","","(Class := Standard, ExternalAccess := Read/Write)"
COMMENT,,COMM2104:I,"Laser Hood Lowered Safety controller feedback",,"COMM2104:I.DATA[1].1"
TAG,,COMM2104:O,"","AB:1734_5SLOT:O:0","","(Class := Standard, ExternalAccess := Read/Write)"
TAG,,Weiss:I,"","AB:PowerFlex525V_EENET_Drive:I:0","","(Class := Standard, ExternalAccess := Read/Write)"
TAG,,Weiss:O,"","AB:PowerFlex525V_EENET_Drive:O:0","","(Class := Standard, ExternalAccess := Read/Write)"
TAG,,A4ToggleTest,"","BOOL","","(Class := Standard, RADIX := Decimal, Constant := false, ExternalAccess := Read/Write)"
TAG,,AENTR_Com_Fault,"","BOOL","","(Class := Standard, RADIX := Decimal, Constant := false, ExternalAccess := Read/Write)"
ALIAS,,AH402,"AH402, SYSTEM FAULT, PLC1402 (Slot-4), O0402","","Local:4:O.Data.2","(RADIX := Decimal, ExternalAccess := Read/Write)"
TAG,,amp_Test_Bits,"","DINT","","(Class := Standard, RADIX := Decimal, Constant := false, ExternalAccess := Read/Write)"
TAG,,Auto_Initialization,"","BOOL","","(Class := Standard, RADIX := Decimal, Constant := false, ExternalAccess := Read/Write)"
TAG,,CameraFlash,"","TIMER","","(Class := Standard, Constant := false, ExternalAccess := Read/Write)"
TAG,,Camera_Program,"","INT","","(Class := Standard, RADIX := Decimal, Constant := false, ExternalAccess := Read/Write)"
TAG,,Cfg_Column_Max,"","DINT","","(Class := Standard, RADIX := Decimal, Constant := false, ExternalAccess := Read/Write)"
TAG,,Cfg_DwnStack_HighMax_POS,"","DINT","","(Class := Standard, RADIX := Decimal, Constant := false, ExternalAccess := Read/Write)"
TAG,,Cfg_DwnStack_LowMax_POS,"","DINT","","(Class := Standard, RADIX := Decimal, Constant := false, ExternalAccess := Read/Write)"
TAG,,Cfg_DwnStack_TrayHeight,"","DINT","","(Class := Standard, RADIX := Decimal, Constant := false, ExternalAccess := Read/Write)"
TAG,,Cfg_Layer_Max,"","DINT","","(Class := Standard, RADIX := Decimal, Constant := false, ExternalAccess := Read/Write)"
TAG,,Cfg_Row_Max,"","DINT","","(Class := Standard, RADIX := Decimal, Constant := false, ExternalAccess := Read/Write)"
TAG,,Cfg_Status_Complete,"","DINT","","(Class := Standard, RADIX := Decimal, Constant := false, ExternalAccess := Read/Write)"
TAG,,Cfg_Status_Ocupied,"","DINT","","(Class := Standard, RADIX := Decimal, Constant := false, ExternalAccess := Read/Write)"
TAG,,Cfg_UpStack_HighMax_POS,"","DINT","","(Class := Standard, RADIX := Decimal, Constant := false, ExternalAccess := Read/Write)"
TAG,,Cfg_UpStack_LowMax_POS,"","DINT","","(Class := Standard, RADIX := Decimal, Constant := false, ExternalAccess := Read/Write)"
TAG,,Cfg_UpStack_TrayHeight,"","DINT","","(Class := Standard, RADIX := Decimal, Constant := false, ExternalAccess := Read/Write)"
TAG,,ChangeJob,"","BOOL","","(Class := Standard, RADIX := Decimal, Constant := false, ExternalAccess := Read/Write)"
TAG,,ClearAll,"","BOOL","","(Class := Standard, RADIX := Decimal, Constant := false, ExternalAccess := Read/Write)"
TAG,,Cognex_Acc_ID,"","INT","","(Class := Standard, RADIX := Decimal, Constant := false, ExternalAccess := Read/Write)"
TAG,,Cognex_Bypass,"","BOOL","","(Class := Standard, RADIX := Decimal, Constant := false, ExternalAccess := Read/Write)"
TAG,,Cognex_Com_Fault,"","BOOL","","(Class := Standard, RADIX := Decimal, Constant := false, ExternalAccess := Read/Write)"
TAG,,Cognex_Control_A1,"","DINT","","(Class := Standard, RADIX := Decimal, Constant := false, ExternalAccess := Read/Write)"
TAG,,Cognex_Control_A2,"","DINT","","(Class := Standard, RADIX := Decimal, Constant := false, ExternalAccess := Read/Write)"
TAG,,Cognex_Control_X1,"","DINT","","(Class := Standard, RADIX := Decimal, Constant := false, ExternalAccess := Read/Write)"
TAG,,Cognex_Control_X2,"","DINT","","(Class := Standard, RADIX := Decimal, Constant := false, ExternalAccess := Read/Write)"
TAG,,Cognex_Control_Y1,"","DINT","","(Class := Standard, RADIX := Decimal, Constant := false, ExternalAccess := Read/Write)"
TAG,,Cognex_Control_Y2,"","DINT","","(Class := Standard, RADIX := Decimal, Constant := false, ExternalAccess := Read/Write)"
TAG,,Cognex_Hold_TMR,"","TIMER","","(Class := Standard, Constant := false, ExternalAccess := Read/Write)"
TAG,,Cognex_New_Data,"","BOOL","","(Class := Standard, RADIX := Decimal, Constant := false, ExternalAccess := Read/Write)"
ALIAS,,CR301,"CR301, LASER HOOD LOWER, PLC03A (Point I/O Rack-1 Slot-3), DO301","","COMM2104:3:O.1","(RADIX := Decimal, ExternalAccess := Read/Write)"
ALIAS,,CR400,"CR400, LASER FUME EXTRACTION START / RUN, PLC025A (Point I/O Rack-1 Slot-4), DO400","","COMM2104:4:O.0","(RADIX := Decimal, ExternalAccess := Read/Write)"
ALIAS,,CR408,"CR408, CUTTER SOLENOID #1, PLC1402 (Slot-4), O0408","","Local:4:O.Data.8","(RADIX := Decimal, ExternalAccess := Read/Write)"
ALIAS,,CR409,"CR409, CUTTER SOLENOID #2, PLC1402 (Slot-4), O0409","","Local:4:O.Data.9","(RADIX := Decimal, ExternalAccess := Read/Write)"
ALIAS,,CR411,"CR411, INTERNAL WHOLE CELL LIGHTING 1, PLC1402 (Slot-4), O0411","","Local:4:O.Data.11","(RADIX := Decimal, ExternalAccess := Read/Write)"
ALIAS,,CR412,"CR412, INTERNAL CELL CHUTE LIGHTING 2, PLC1402 (Slot-4), O0412","","Local:4:O.Data.12","(RADIX := Decimal, ExternalAccess := Read/Write)"
ALIAS,,CR413,"CR413, INTERNAL CELL LIGHTING 3, PLC1402 (Slot-4), O0413","","Local:4:O.Data.13","(RADIX := Decimal, ExternalAccess := Read/Write)"
ALIAS,,CR414,"CR414, POWER ON TURN TABLE DRIVE, PLC1402 (Slot-4), O0414","","Local:4:O.Data.14","(RADIX := Decimal, ExternalAccess := Read/Write)"
ALIAS,,CR415,"CR415, AIR ENGAGE, PLC1402 (Slot-4), O0415","","Local:4:O.Data.15","(RADIX := Decimal, ExternalAccess := Read/Write)"
ALIAS,,CR504,"CR504, TURN TABLE BRAKE RELEASE, PLC1502 (Slot-5), O0504","","Local:5:O.Data.4","(RADIX := Decimal, ExternalAccess := Read/Write)"
ALIAS,,CR508,"CR508, LASER POWER ON, PLC1502 (Slot-5), O0508","","Local:5:O.Data.8","(RADIX := Decimal, ExternalAccess := Read/Write)"
ALIAS,,CR509,"CR509, DOCKING STATION POWER ON, PLC1502 (Slot-5), O0509","","Local:5:O.Data.9","(RADIX := Decimal, ExternalAccess := Read/Write)"
ALIAS,,CR512,"CR512, FUMEX POWER ON, PLC1502 (Slot-5), O0512","","Local:5:O.Data.12","(RADIX := Decimal, ExternalAccess := Read/Write)"
ALIAS,,CR515,"CR515, DOCKING STATION AIR ENABLE, PLC1502 (Slot-5), O0515","","Local:5:O.Data.15","(RADIX := Decimal, ExternalAccess := Read/Write)"
ALIAS,,CR614,"CR614, UPSTACKER MOTOR POWER ON , PLC1602 (Slot-6), O0614","","Local:6:O.Data.14","(RADIX := Decimal, ExternalAccess := Read/Write)"
ALIAS,,CR615,"CR615, DOWNSTACKER MOTOR POWER ON, PLC1602 (Slot-6), O0615","","Local:6:O.Data.15","(RADIX := Decimal, ExternalAccess := Read/Write)"
ALIAS,,CR700,"CR700, VG524 Vacuum Gen 1 Supply Valve, ROBOT TOOL BOTTLE BLANK SUCTION CUP A SUCTION, PLC1702 (Slot-7), O0700","","Local:7:O.Data.0","(RADIX := Decimal, ExternalAccess := Read/Write)"
ALIAS,,CR701,"CR701, VG524 Vacuum Gen 1 Return Valve, ROBOT TOOL BOTTLE BLANK SUCTION CUP A BLOW OFF , PLC1702 (Slot-7), O0701","","Local:7:O.Data.1","(RADIX := Decimal, ExternalAccess := Read/Write)"
ALIAS,,CR702,"CR702, VG526 Vacuum Generator 2 Supply Valve, ROBOT TOOL BOTTLE BLANK SUCTION CUP B SUCTION, PLC1702 (Slot-7), O0702","","Local:7:O.Data.2","(RADIX := Decimal, ExternalAccess := Read/Write)"
ALIAS,,CR703,"CR703, VG526 Vacuum Generator 2 Return Valve, ROBOT TOOL BOTTLE BLANK SUCTION CUP B BLOW OFF , PLC1702 (Slot-7), O0703","","Local:7:O.Data.3","(RADIX := Decimal, ExternalAccess := Read/Write)"
ALIAS,,CR704,"CR704, VG528 Vacuum Gen 1 Supply Valve, ROBOT TOOL BOTTLE FINISHED SUCTION CUP A SUCTION, PLC1702 (Slot-7), O0704","","Local:7:O.Data.4","(RADIX := Decimal, ExternalAccess := Read/Write)"
ALIAS,,CR705,"CR705, VG528 Vacuum Gen 1 Return Valve, ROBOT TOOL BOTTLE FINISHED SUCTION CUP A BLOW OFF , PLC1702 (Slot-7), O0705","","Local:7:O.Data.5","(RADIX := Decimal, ExternalAccess := Read/Write)"
ALIAS,,CR706,"CR706, VG530 Vacuum Generator 2 Supply Valve, ROBOT TOOL BOTTLE FINISHED SUCTION CUP B SUCTION, PLC1702 (Slot-7), O0706","","Local:7:O.Data.6","(RADIX := Decimal, ExternalAccess := Read/Write)"
ALIAS,,CR707,"CR707, VG530 Vacuum Generator 2 Return Valve, ROBOT TOOL BOTTLE FINISHED SUCTION CUP B BLOW OFF , PLC1702 (Slot-7), O0707","","Local:7:O.Data.7","(RADIX := Decimal, ExternalAccess := Read/Write)"
ALIAS,,CR708,"CR708, SOL542A EOAT Close Gripper Valve, ROBOT TOOL BOTTLE FINISHED, PLC1702 (Slot-7), O0708","","Local:7:O.Data.8","(RADIX := Decimal, ExternalAccess := Read/Write)"
ALIAS,,CR709,"CR709, SOL542B EOAT Open Gripper Valve, ROBOT TOOL BOTTLE FINISHED, PLC1702 (Slot-7), O0709","","Local:7:O.Data.9","(RADIX := Decimal, ExternalAccess := Read/Write)"
ALIAS,,CR710,"CR710, SPARE, PLC1702 (Slot-7), O0710","","Local:7:O.Data.10","(RADIX := Decimal, ExternalAccess := Read/Write)"
ALIAS,,CRM,"CRM, IMM AND CELL SAFTEY HEALTHY, PLC1102 (Slot-1), I0102","","Local:1:I.Data.2","(RADIX := Decimal, ExternalAccess := Read/Write)"
ALIAS,,CRM_DS,"CRM_DS, DOCKING STATION SAFTEY PROX, PLC1102 (Slot-1), I0103","","Local:1:I.Data.3","(RADIX := Decimal, ExternalAccess := Read/Write)"
ALIAS,,CRM_JB,"CRM_JB, LASER GUARD LOWERED, PLC03 (Point I/O Rack-1 Slot-1), I0101","","COMM2104:1:I.1","(RADIX := Decimal, ExternalAccess := Read/Write)"
ALIAS,,CRM_P,"CRM_P, CONTROL POWER ON, PLC1102 (Slot-1), I0100","","Local:1:I.Data.0","(RADIX := Decimal, ExternalAccess := Read/Write)"
ALIAS,,CRM_S,"CRM_S, CELL SAFTEY DOORS AND ESTOPS HEALTHY, PLC1102 (Slot-1), I0101","","Local:1:I.Data.1","(RADIX := Decimal, ExternalAccess := Read/Write)"
TAG,,CRO0500,"CRO0500, UPSTACKER POWER ON, PLC1502 (Slot-5), O0500","BOOL","","(Class := Standard, RADIX := Decimal, Constant := false, ExternalAccess := Read/Write)"
TAG,,CRO0502,"O0502, DOWNSTACKER POWER ON, PLC1502 (Slot-5), O0502","BOOL","","(Class := Standard, RADIX := Decimal, Constant := false, ExternalAccess := Read/Write)"
TAG,,CycleStopped,"","BOOL","","(Class := Standard, RADIX := Decimal, Constant := false, ExternalAccess := Read/Write)"
TAG,,Cycle_Control_ONS,"","DINT","","(Class := Standard, RADIX := Decimal, Constant := false, ExternalAccess := Read/Write)"
TAG,,Data_Delay_TMR,"","TIMER","","(Class := Standard, Constant := false, ExternalAccess := Read/Write)"
TAG,,Data_Item,"","Data_Item[500]","","(Class := Standard, Constant := false, ExternalAccess := Read/Write)"
TAG,,Data_Item_Initialize,"","Data_Item","","(Class := Standard, Constant := false, ExternalAccess := Read/Write)"
TAG,,DnAxis_CurrentLayer,"","DINT","","(Class := Standard, RADIX := Decimal, Constant := false, ExternalAccess := Read/Write)"
TAG,,DnAxis_DecrementLayer,"","BOOL","","(Class := Standard, RADIX := Decimal, Constant := false, ExternalAccess := Read/Write)"
TAG,,DnAxis_IncrementLayer,"","BOOL","","(Class := Standard, RADIX := Decimal, Constant := false, ExternalAccess := Read/Write)"
TAG,,DnAxis_LayerRequest,"","DINT","","(Class := Standard, RADIX := Decimal, Constant := false, ExternalAccess := Read/Write)"
TAG,,DnAxis_LayerTarget,"","DINT","","(Class := Standard, RADIX := Decimal, Constant := false, ExternalAccess := Read/Write)"
TAG,,DnAxis_MoveFailedTON,"","TIMER","","(Class := Standard, Constant := false, ExternalAccess := Read/Write)"
TAG,,DnAxis_MoveToLayerTarget,"","BOOL","","(Class := Standard, RADIX := Decimal, Constant := false, ExternalAccess := Read/Write)"
TAG,,DnAxis_Positions,"","DINT[14]","","(Class := Standard, RADIX := Decimal, Constant := false, ExternalAccess := Read/Write)"
TAG,,DnAxis_PositionsNegLim,"","DINT[14]","","(Class := Standard, RADIX := Decimal, Constant := false, ExternalAccess := Read/Write)"
TAG,,DnAxis_PositionsPosLim,"","DINT[14]","","(Class := Standard, RADIX := Decimal, Constant := false, ExternalAccess := Read/Write)"
TAG,,DnAxis_ReadyToMove,"","BOOL","","(Class := Standard, RADIX := Decimal, Constant := false, ExternalAccess := Read/Write)"
TAG,,DnStackerUpdateCurrentPosition,"","BOOL","","(Class := Standard, RADIX := Decimal, Constant := false, ExternalAccess := Read/Write)"
TAG,,DnStacker_Lower,"","BUTTON_FUNCTION","","(Class := Standard, Constant := false, ExternalAccess := Read/Write)"
TAG,,DnStacker_Permit_Dn,"Allow down stacker to move down","BOOL","","(Class := Standard, RADIX := Decimal, Constant := false, ExternalAccess := Read/Write)"
TAG,,DnStacker_Permit_Up,"Allow down stacker to move up","BOOL","","(Class := Standard, RADIX := Decimal, Constant := false, ExternalAccess := Read/Write)"
TAG,,DnStacker_Raise,"","BUTTON_FUNCTION","","(Class := Standard, Constant := false, ExternalAccess := Read/Write)"
ALIAS,,DO300,"DO300, SPARE, PLC03A (Point I/O Rack-1 Slot-3), DO300","","COMM2104:3:O.0","(RADIX := Decimal, ExternalAccess := Read/Write)"
ALIAS,,DO302,"DO302, SPARE, PLC03A (Point I/O Rack-1 Slot-3), DO302","","COMM2104:3:O.2","(RADIX := Decimal, ExternalAccess := Read/Write)"
ALIAS,,DO303,"DO303, SPARE, PLC03A (Point I/O Rack-1 Slot-3), DO303","","COMM2104:3:O.3","(RADIX := Decimal, ExternalAccess := Read/Write)"
ALIAS,,DO304,"DO304, SPARE, PLC03A (Point I/O Rack-1 Slot-3), DO304","","COMM2104:3:O.4","(RADIX := Decimal, ExternalAccess := Read/Write)"
ALIAS,,DO305,"DO305, SPARE, PLC03A (Point I/O Rack-1 Slot-3), DO305","","COMM2104:3:O.5","(RADIX := Decimal, ExternalAccess := Read/Write)"
ALIAS,,DO306,"DO306, SPARE, PLC03A (Point I/O Rack-1 Slot-3), DO306","","COMM2104:3:O.6","(RADIX := Decimal, ExternalAccess := Read/Write)"
ALIAS,,DO307,"DO307, SPARE, PLC03A (Point I/O Rack-1 Slot-3), DO307","","COMM2104:3:O.7","(RADIX := Decimal, ExternalAccess := Read/Write)"
ALIAS,,DO401,"DO401, SPARE, PLC025A (Point I/O Rack-1 Slot-4), DO401","","COMM2104:4:O.1","(RADIX := Decimal, ExternalAccess := Read/Write)"
ALIAS,,DO402,"DO402, SPARE, PLC025A (Point I/O Rack-1 Slot-4), DO402","","COMM2104:4:O.2","(RADIX := Decimal, ExternalAccess := Read/Write)"
ALIAS,,DO403,"DO403, SPARE, PLC025A (Point I/O Rack-1 Slot-4), DO403","","COMM2104:4:O.3","(RADIX := Decimal, ExternalAccess := Read/Write)"
ALIAS,,DO404,"DO404, SPARE, PLC025A (Point I/O Rack-1 Slot-4), DO404","","COMM2104:4:O.4","(RADIX := Decimal, ExternalAccess := Read/Write)"
ALIAS,,DO405,"DO405, SPARE, PLC025A (Point I/O Rack-1 Slot-4), DO405","","COMM2104:4:O.5","(RADIX := Decimal, ExternalAccess := Read/Write)"
ALIAS,,DO406,"DO406, SPARE, PLC025A (Point I/O Rack-1 Slot-4), DO406","","COMM2104:4:O.6","(RADIX := Decimal, ExternalAccess := Read/Write)"
ALIAS,,DO407,"DO407, SPARE, PLC025A (Point I/O Rack-1 Slot-4), DO407","","COMM2104:4:O.7","(RADIX := Decimal, ExternalAccess := Read/Write)"
TAG,,DoorRequestTimer,"","TIMER","","(Class := Standard, Constant := false, ExternalAccess := Read/Write)"
ALIAS,,DOOR_1,"DOOR_1, UPSTACKER DOOR, PLC1102 (Slot-1), I0105","","Local:1:I.Data.5","(RADIX := Decimal, ExternalAccess := Read/Write)"
ALIAS,,DOOR_2,"DOOR_2, DOWNSTACKER DOOR, PLC1102 (Slot-1), I0106","","Local:1:I.Data.6","(RADIX := Decimal, ExternalAccess := Read/Write)"
ALIAS,,DOOR_3,"DOOR_3, FUMEX DOOR, PLC1102 (Slot-1), I0107","","Local:1:I.Data.7","(RADIX := Decimal, ExternalAccess := Read/Write)"
ALIAS,,DOOR_4,"DOOR_4, LASER DOOR, PLC1102 (Slot-1), I0108","","Local:1:I.Data.8","(RADIX := Decimal, ExternalAccess := Read/Write)"
TAG,,Door_Open_Permission,"","BOOL","","(Class := Standard, RADIX := Decimal, Constant := false, ExternalAccess := Read/Write)"
TAG,,Door_Open_Request,"","BOOL","","(Class := Standard, RADIX := Decimal, Constant := false, ExternalAccess := Read/Write)"
TAG,,Door_Open_Wait,"","TIMER","","(Class := Standard, Constant := false, ExternalAccess := Read/Write)"
TAG,,Door_Reset_Delay,"","TIMER","","(Class := Standard, Constant := false, ExternalAccess := Read/Write)"
TAG,,DownStacker_Stopped,"","BOOL","","(Class := Standard, RADIX := Decimal, Constant := false, ExternalAccess := Read/Write)"
TAG,,Downstack_Column_Current,"","DINT","","(Class := Standard, RADIX := Decimal, Constant := false, ExternalAccess := Read/Write)"
TAG,,Downstack_Complete,"","BOOL","","(Class := Standard, RADIX := Decimal, Constant := false, ExternalAccess := Read/Write)"
TAG,,Downstack_Layer,"","Data_Row[15]","","(Class := Standard, Constant := false, ExternalAccess := Read/Write)"
TAG,,Downstack_Layer_Current,"","DINT","","(Class := Standard, RADIX := Decimal, Constant := false, ExternalAccess := Read/Write)"
TAG,,Downstack_Row_Current,"","DINT","","(Class := Standard, RADIX := Decimal, Constant := false, ExternalAccess := Read/Write)"
ALIAS,,DR1_DR2,"DR1_DR2, UPSTACKER AND DOWN STACKER DOOR RELEASE, PLC1402 (Slot-4), O0406","","Local:4:O.Data.6","(RADIX := Decimal, ExternalAccess := Read/Write)"
ALIAS,,DR3_DR4,"DR3_DR4, DOCKING STATION DOOR RELEASE, PLC1402 (Slot-4), O0407","","Local:4:O.Data.7","(RADIX := Decimal, ExternalAccess := Read/Write)"
TAG,,DropInChuteLEDblink,"","TIMER[4]","","(Class := Standard, Constant := false, ExternalAccess := Read/Write)"
ALIAS,,DStoR_DropInShoot,"DStoR_DropInShoot, Down Stacker To Robot,  Drop finished part in the shoot , (PLC To Robot Ethernet IP Comms)$N","","Station100_Robot:O.Data[3].1","(RADIX := Decimal, ExternalAccess := Read/Write)"
ALIAS,,DStoR_OpenLocation,"DStoR_OpenLocation, Up Stacker To Robot, There is an open location on the tray to place finished parts , (PLC To Robot Ethernet IP Comms)","","Station100_Robot:O.Data[1].1","(RADIX := Decimal, ExternalAccess := Read/Write)"
TAG,,DStoR_PickColumnNumber,"DStoR_PickColumnNumber, Down stacker To Robot, Column number on tray to place finished parts, (PLC To Robot Ethernet IP Comms)","DINT","","(Class := Standard, RADIX := Decimal, Constant := false, ExternalAccess := Read/Write)"
ALIAS,,DStoR_PickFromTray,"DStoR_PickFromTray, Down Stacker To Robot, Pick part up from tray to place in shoot, (PLC To Robot Ethernet IP Comms)$N","","Station100_Robot:O.Data[3].3","(RADIX := Decimal, ExternalAccess := Read/Write)"
TAG,,DStoR_PickRowNumber,"DStoR_PickRowNumber, Down stacker To Robot, Row number on tray to place finished parts, (PLC To Robot Ethernet IP Comms)","DINT","","(Class := Standard, RADIX := Decimal, Constant := false, ExternalAccess := Read/Write)"
ALIAS,,DStoR_PlaceInTray,"DStoR_PlaceInTray, Down Stacker To Robot, place finished part in the tray, (PLC To Robot Ethernet IP Comms)$N","","Station100_Robot:O.Data[3].2","(RADIX := Decimal, ExternalAccess := Read/Write)"
TAG,,DS_PickColumnNumberLast,"DS_PickColumnNumberLast, Down stacker To Robot, Last column number on tray to place finished parts, (Robot To PLC Ethernet IP Comms)","DINT","","(Class := Standard, RADIX := Decimal, Constant := false, ExternalAccess := Read/Write)"
TAG,,DS_PickRowNumberLast,"DS_PickRowNumberLast, Down stacker To Robot, Last row number on tray to place finished parts, (Robot To PLC Ethernet IP Comms)","DINT","","(Class := Standard, RADIX := Decimal, Constant := false, ExternalAccess := Read/Write)"
TAG,,DwnStack_Column_Current,"","DINT","","(Class := Standard, RADIX := Decimal, Constant := false, ExternalAccess := Read/Write)"
TAG,,DwnStack_Complete,"","BOOL","","(Class := Standard, RADIX := Decimal, Constant := false, ExternalAccess := Read/Write)"
TAG,,DwnStack_Com_Fault,"","BOOL","","(Class := Standard, RADIX := Decimal, Constant := false, ExternalAccess := Read/Write)"
TAG,,DwnStack_Count_Permission,"","BOOL","","(Class := Standard, RADIX := Decimal, Constant := false, ExternalAccess := Read/Write)"
TAG,,DwnStack_Full_Layer,"","BOOL","","(Class := Standard, RADIX := Decimal, Constant := false, ExternalAccess := Read/Write)"
TAG,,DwnStack_HMI_Tray_Qty,"","DINT","","(Class := Standard, RADIX := Decimal, Constant := false, ExternalAccess := Read/Write)"
TAG,,DwnStack_Inputs,"","SCON_Inputs","","(Class := Standard, Constant := false, ExternalAccess := Read/Write)"
TAG,,DwnStack_Jam,"","BOOL","","(Class := Standard, RADIX := Decimal, Constant := false, ExternalAccess := Read/Write)"
TAG,,DwnStack_Layer_Current,"","DINT","","(Class := Standard, RADIX := Decimal, Constant := false, ExternalAccess := Read/Write)"
TAG,,DwnStack_Layer_Last,"","DINT","","(Class := Standard, RADIX := Decimal, Constant := false, ExternalAccess := Read/Write)"
TAG,,DwnStack_Layer_Temp,"","DINT","","(Class := Standard, RADIX := Decimal, Constant := false, ExternalAccess := Read/Write)"
TAG,,DwnStack_Outputs,"","SCON_Outputs","","(Class := Standard, Constant := false, ExternalAccess := Read/Write)"
TAG,,DwnStack_Output_Acceleration,"","INT","","(Class := Standard, RADIX := Decimal, Constant := false, ExternalAccess := Read/Write)"
TAG,,DwnStack_Output_Deceleration,"","INT","","(Class := Standard, RADIX := Decimal, Constant := false, ExternalAccess := Read/Write)"
TAG,,DwnStack_Row_Current,"","DINT","","(Class := Standard, RADIX := Decimal, Constant := false, ExternalAccess := Read/Write)"
TAG,,DwnStack_Start_HLD_TMR,"","TIMER","","(Class := Standard, Constant := false, ExternalAccess := Read/Write)"
TAG,,DwnStack_Target_Position,"","DINT","","(Class := Standard, RADIX := Decimal, Constant := false, ExternalAccess := Read/Write)"
TAG,,DwnStack_Target_Speed,"","DINT","","(Class := Standard, RADIX := Decimal, Constant := false, ExternalAccess := Read/Write)"
ALIAS,,EM67_ZA5,"EM67_ZA5, IMM - ROBOT REJECT, PLC1202 (Slot-2), I0200","","Local:2:I.Data.0","(RADIX := Decimal, ExternalAccess := Read/Write)"
ALIAS,,EM67_ZA6,"EM67_ZA6, IMM - ROBOT MOLD POSITION CLOSED, PLC1202 (Slot-2), I0201","","Local:2:I.Data.1","(RADIX := Decimal, ExternalAccess := Read/Write)"
ALIAS,,EM67_ZA7,"EM67_ZA7, IMM - ROBOT MOLD POSITION OPEN, PLC1202 (Slot-2), I0202","","Local:2:I.Data.2","(RADIX := Decimal, ExternalAccess := Read/Write)"
ALIAS,,EM67_ZA8,"EM67_ZA8, IMM - ROBOT INTERMEDIATE MOLD POSITION OPEN, PLC1202 (Slot-2), I0203","","Local:2:I.Data.3","(RADIX := Decimal, ExternalAccess := Read/Write)"
ALIAS,,EM67_ZB2,"EM67_ZB2, IMM - ROBOT ROBOT OPERATION ENABLE, PLC1202 (Slot-2), I0204","","Local:2:I.Data.4","(RADIX := Decimal, ExternalAccess := Read/Write)"
ALIAS,,EM67_ZB3,"EM67_ZB3, IMM - ROBOT EJECTOR POSITION BACK, PLC1202 (Slot-2), I0205","","Local:2:I.Data.5","(RADIX := Decimal, ExternalAccess := Read/Write)"
ALIAS,,EM67_ZB4,"EM67_ZB4, IMM - ROBOT EJECTOR POSITION FORWARD, PLC1202 (Slot-2), I0206","","Local:2:I.Data.6","(RADIX := Decimal, ExternalAccess := Read/Write)"
ALIAS,,EM67_ZB5,"EM67_ZB5, IMM - ROBOT CORE PULLER 1 POSITION 1, PLC1202 (Slot-2), I0207","","Local:2:I.Data.7","(RADIX := Decimal, ExternalAccess := Read/Write)"
ALIAS,,EM67_ZB6,"EM67_ZB6, IMM - ROBOT CORE PULLER 1 POSITION 2, PLC1202 (Slot-2), I0208","","Local:2:I.Data.8","(RADIX := Decimal, ExternalAccess := Read/Write)"
ALIAS,,EM67_ZB7,"EM67_ZB7, IMM - ROBOT CORE PULLER 2 POSITION 1, PLC1202 (Slot-2), I0209","","Local:2:I.Data.9","(RADIX := Decimal, ExternalAccess := Read/Write)"
ALIAS,,EM67_ZB8,"EM67_ZB8, IMM - ROBOT CORE PULLER 2 POSITION 2, PLC1202 (Slot-2), I0210","","Local:2:I.Data.10","(RADIX := Decimal, ExternalAccess := Read/Write)"
ALIAS,,EM67_ZC8,"EM67_ZC8,  IMM - ROBOT PART INJECTED, PLC1202 (Slot-2), I0211","","Local:2:I.Data.11","(RADIX := Decimal, ExternalAccess := Read/Write)"
ALIAS,,EM78_A4,"EM78_A4, SAFTEY GATES ACKNOWLEDGED AND CLOSED (to IMM), PLC1502 (Slot-5), O0507","","Local:5:O.Data.7","(RADIX := Decimal, ExternalAccess := Read/Write)"
ALIAS,,EM78_A5,"EM78_A5, PROTECTION DOOR REQUEST SIGNAL, PLC1402 (Slot-4), O0401","","Local:4:O.Data.1","(RADIX := Decimal, ExternalAccess := Read/Write)"
ALIAS,,EM78_C7_C1,"EM78_C7_C1, IMM - ROBOT DOOR OPEN ENABLE, PLC1202 (Slot-2), I0213","","Local:2:I.Data.13","(RADIX := Decimal, ExternalAccess := Read/Write)"
ALIAS,,EM78_C9_C3,"EM78_C9_C3,  IMM - ROBOT INDICATION OF DOOR OPEN REQUEST, PLC1202 (Slot-2), I0212","","Local:2:I.Data.12","(RADIX := Decimal, ExternalAccess := Read/Write)"
ALIAS,,ESPB104,"ESPB104, PANEL ESTOP PUSHBUTTON, PLC1102 (Slot-1), I0104","","Local:1:I.Data.4","(RADIX := Decimal, ExternalAccess := Read/Write)"
TAG,,EStop_OK,"","BOOL","","(Class := Standard, RADIX := Decimal, Constant := false, ExternalAccess := Read/Write)"
TAG,,ExtStartUnlatchDelay,"","TIMER","","(Class := Standard, Constant := false, ExternalAccess := Read/Write)"
TAG,,FaultReset,"Fault reset from push button or HMI","BOOL","","(Class := Standard, RADIX := Decimal, Constant := false, ExternalAccess := Read/Write)"
TAG,,Fire_The_Laser,"","BOOL","","(Class := Standard, RADIX := Decimal, Constant := false, ExternalAccess := Read/Write)"
TAG,,FIrst_Scan_TMR,"","TIMER","","(Class := Standard, Constant := false, ExternalAccess := Read/Write)"
TAG,,Flash_TMR,"","TIMER","","(Class := Standard, Constant := false, ExternalAccess := Read/Write)"
TAG,,Fume,"","BUTTON_FUNCTION","","(Class := Standard, Constant := false, ExternalAccess := Read/Write)"
ALIAS,,FUMEX_FAULT,"FUMEX_FAULT, FUMEX FAULT, PLC03 (Point I/O Rack-1 Slot-1), I0106","","COMM2104:1:I.6","(RADIX := Decimal, ExternalAccess := Read/Write)"
ALIAS,,FUMEX_RUNNING,"FUMEX_RUNNING, FUMEX RUNNING, PLC03 (Point I/O Rack-1 Slot-1), I0105","","COMM2104:1:I.5","(RADIX := Decimal, ExternalAccess := Read/Write)"
TAG,,Fume_Off_Idle_Tmr,"","TIMER","","(Class := Standard, Constant := false, ExternalAccess := Read/Write)"
TAG,,Fume_Permit,"","BOOL","","(Class := Standard, RADIX := Decimal, Constant := false, ExternalAccess := Read/Write)"
TAG,,General_RTE,"","BOOL","","(Class := Standard, RADIX := Decimal, Constant := false, ExternalAccess := Read/Write)"
TAG,,Generate_Laser_Marking_Data,"","BOOL","","(Class := Standard, RADIX := Decimal, Constant := false, ExternalAccess := Read/Write)"
TAG,,GlobalAck_TOF,"","TIMER","","(Class := Standard, Constant := false, ExternalAccess := Read/Write)"
TAG,,HARDWARE_FAULTS,"","DINT[50]","","(Class := Standard, RADIX := Decimal, Constant := false, ExternalAccess := Read/Write)"
TAG,,HMI_Blow_A_Blank_Cup_ON,"","BOOL","","(Class := Standard, RADIX := Decimal, Constant := false, ExternalAccess := Read/Write)"
TAG,,HMI_Blow_A_Finished_Cup_ON,"","BOOL","","(Class := Standard, RADIX := Decimal, Constant := false, ExternalAccess := Read/Write)"
TAG,,HMI_Blow_B_Blank_Cup_ON,"","BOOL","","(Class := Standard, RADIX := Decimal, Constant := false, ExternalAccess := Read/Write)"
TAG,,HMI_Blow_B_Finished_Cup_ON,"","BOOL","","(Class := Standard, RADIX := Decimal, Constant := false, ExternalAccess := Read/Write)"
TAG,,HMI_Cycle_Start_Dly,"","TIMER","","(Class := Standard, Constant := false, ExternalAccess := Read/Write)"
TAG,,HMI_Cycle_Stop,"","BOOL","","(Class := Standard, RADIX := Decimal, Constant := false, ExternalAccess := Read/Write)"
TAG,,HMI_DnStack_GO_PB,"","BOOL","","(Class := Standard, RADIX := Decimal, Constant := false, ExternalAccess := Read/Write)"
TAG,,HMI_Doors_Lock,"HMI PB","BOOL","","(Class := Standard, RADIX := Decimal, Constant := false, ExternalAccess := Read/Write)"
TAG,,HMI_Doors_Lock_Request,"","BOOL","","(Class := Standard, RADIX := Decimal, Constant := false, ExternalAccess := Read/Write)"
TAG,,HMI_Doors_UnLock,"","BOOL","","(Class := Standard, RADIX := Decimal, Constant := false, ExternalAccess := Read/Write)"
TAG,,HMI_DownAxisCurrentLayer,"","DINT","","(Class := Standard, RADIX := Decimal, Constant := false, ExternalAccess := Read/Write)"
TAG,,HMI_DownAxisDecrement,"","BOOL","","(Class := Standard, RADIX := Decimal, Constant := false, ExternalAccess := Read/Write)"
TAG,,HMI_DownAxisIncrement,"","BOOL","","(Class := Standard, RADIX := Decimal, Constant := false, ExternalAccess := Read/Write)"
TAG,,HMI_DownAxisLayerRequest,"","DINT","","(Class := Standard, RADIX := Decimal, Constant := false, ExternalAccess := Read/Write)"
TAG,,HMI_DownAxisReady,"","BOOL","","(Class := Standard, RADIX := Decimal, Constant := false, ExternalAccess := Read/Write)"
TAG,,HMI_Fume_OFF_PB,"","BOOL","","(Class := Standard, RADIX := Decimal, Constant := false, ExternalAccess := Read/Write)"
TAG,,HMI_Fume_ON_PB,"","BOOL","","(Class := Standard, RADIX := Decimal, Constant := false, ExternalAccess := Read/Write)"
TAG,,HMI_Hood_Lower_PB,"","BOOL","","(Class := Standard, RADIX := Decimal, Constant := false, ExternalAccess := Read/Write)"
TAG,,HMI_Hood_Raise_PB,"","BOOL","","(Class := Standard, RADIX := Decimal, Constant := false, ExternalAccess := Read/Write)"
TAG,,HMI_Indexer_Brake_OFF_PB,"","BOOL","","(Class := Standard, RADIX := Decimal, Constant := false, ExternalAccess := Read/Write)"
TAG,,HMI_Indexer_Brake_ON_PB,"","BOOL","","(Class := Standard, RADIX := Decimal, Constant := false, ExternalAccess := Read/Write)"
TAG,,HMI_Indexer_Jog_PB,"","BOOL","","(Class := Standard, RADIX := Decimal, Constant := false, ExternalAccess := Read/Write)"
TAG,,HMI_Index_Request,"","BOOL","","(Class := Standard, RADIX := Decimal, Constant := false, ExternalAccess := Read/Write)"
TAG,,HMI_RequestLayerShift,"","BOOL","","(Class := Standard, RADIX := Decimal, Constant := false, ExternalAccess := Read/Write)"
TAG,,HMI_Reset,"","BOOL","","(Class := Standard, RADIX := Decimal, Constant := false, ExternalAccess := Read/Write)"
TAG,,HMI_Rob_Grip_Close,"","BOOL","","(Class := Standard, RADIX := Decimal, Constant := false, ExternalAccess := Read/Write)"
TAG,,HMI_Rob_Grip_Open,"","BOOL","","(Class := Standard, RADIX := Decimal, Constant := false, ExternalAccess := Read/Write)"
TAG,,HMI_Spru_Cutter_Close,"","BOOL","","(Class := Standard, RADIX := Decimal, Constant := false, ExternalAccess := Read/Write)"
TAG,,HMI_Spru_Cutter_Open,"","BOOL","","(Class := Standard, RADIX := Decimal, Constant := false, ExternalAccess := Read/Write)"
TAG,,HMI_Start_Marking_PB,"","BOOL","","(Class := Standard, RADIX := Decimal, Constant := false, ExternalAccess := Read/Write)"
TAG,,HMI_System_Control_PB,"0= No Mode$N1 = Manual$N2= Auto","DINT","","(Class := Standard, RADIX := Decimal, Constant := false, ExternalAccess := Read/Write)"
TAG,,HMI_UpAxisCurrentLayer,"","DINT","","(Class := Standard, RADIX := Decimal, Constant := false, ExternalAccess := Read/Write)"
TAG,,HMI_UpAxisDecrement,"","BOOL","","(Class := Standard, RADIX := Decimal, Constant := false, ExternalAccess := Read/Write)"
TAG,,HMI_UpAxisIncrement,"","BOOL","","(Class := Standard, RADIX := Decimal, Constant := false, ExternalAccess := Read/Write)"
TAG,,HMI_UpAxisLayerRequest,"","DINT","","(Class := Standard, RADIX := Decimal, Constant := false, ExternalAccess := Read/Write)"
TAG,,HMI_UpAxisReady,"","BOOL","","(Class := Standard, RADIX := Decimal, Constant := false, ExternalAccess := Read/Write)"
TAG,,HMI_UpStack_GO_PB,"","BOOL","","(Class := Standard, RADIX := Decimal, Constant := false, ExternalAccess := Read/Write)"
TAG,,HMI_Vac_A_Blank_Cup_ON,"","BOOL","","(Class := Standard, RADIX := Decimal, Constant := false, ExternalAccess := Read/Write)"
TAG,,HMI_Vac_A_Finished_Cup_ON,"","BOOL","","(Class := Standard, RADIX := Decimal, Constant := false, ExternalAccess := Read/Write)"
TAG,,HMI_Vac_B_Blank_Cup_ON,"","BOOL","","(Class := Standard, RADIX := Decimal, Constant := false, ExternalAccess := Read/Write)"
TAG,,HMI_Vac_B_Finished_Cup_ON,"","BOOL","","(Class := Standard, RADIX := Decimal, Constant := false, ExternalAccess := Read/Write)"
TAG,,Hood_Lowered,"","BOOL","","(Class := Standard, RADIX := Decimal, Constant := false, ExternalAccess := Read/Write)"
TAG,,Horn_TMR,"","TIMER","","(Class := Standard, Constant := false, ExternalAccess := Read/Write)"
ALIAS,,I0100,"I0100, SPARE, PLC03 (Point I/O Rack-1 Slot-1), I0100","","COMM2104:1:I.0","(RADIX := Decimal, ExternalAccess := Read/Write)"
ALIAS,,I0104,"I0104, SPARE, PLC03 (Point I/O Rack-1 Slot-1), I0104","","COMM2104:1:I.4","(RADIX := Decimal, ExternalAccess := Read/Write)"
ALIAS,,I0107,"I0107, SPARE, PLC03 (Point I/O Rack-1 Slot-1), I0107","","COMM2104:1:I.7","(RADIX := Decimal, ExternalAccess := Read/Write)"
ALIAS,,I0111,"I0111, SPARE, PLC1102 (Slot-1), I0111","","Local:1:I.Data.11","(RADIX := Decimal, ExternalAccess := Read/Write)"
ALIAS,,I0201,"I0201, SPARE, PLC25 (Point I/O Rack-1 Slot-2), I0201","","COMM2104:2:I.1","(RADIX := Decimal, ExternalAccess := Read/Write)"
ALIAS,,I0204,"I0204, SPARE, PLC25 (Point I/O Rack-1 Slot-2), I0204","","COMM2104:2:I.4","(RADIX := Decimal, ExternalAccess := Read/Write)"
ALIAS,,I0205,"I0205, SPARE, PLC25 (Point I/O Rack-1 Slot-2), I0205","","COMM2104:2:I.5","(RADIX := Decimal, ExternalAccess := Read/Write)"
ALIAS,,I0206,"I0206, SPARE, PLC25 (Point I/O Rack-1 Slot-2), I0206","","COMM2104:2:I.6","(RADIX := Decimal, ExternalAccess := Read/Write)"
ALIAS,,I0207,"I0207, SPARE, PLC25 (Point I/O Rack-1 Slot-2), I0207","","COMM2104:2:I.7","(RADIX := Decimal, ExternalAccess := Read/Write)"
ALIAS,,I0214,"I0214, SPARE, PLC1202 (Slot-2), I0214","","Local:2:I.Data.14","(RADIX := Decimal, ExternalAccess := Read/Write)"
ALIAS,,I0215,"I0215, SPARE, PLC1202 (Slot-2), I0215","","Local:2:I.Data.15","(RADIX := Decimal, ExternalAccess := Read/Write)"
ALIAS,,I0300,"I0300, DOCKING STATION CYLINDER RETRACT, PLC1302 (Slot-3), I0300","","Local:3:I.Data.0","(RADIX := Decimal, ExternalAccess := Read/Write)"
ALIAS,,I0302,"I0302, SPARE, PLC1302 (Slot-3), I0302","","Local:3:I.Data.2","(RADIX := Decimal, ExternalAccess := Read/Write)"
ALIAS,,I0303,"I0303, SPARE, PLC1302 (Slot-3), I0303","","Local:3:I.Data.3","(RADIX := Decimal, ExternalAccess := Read/Write)"
ALIAS,,I0306,"I0306, SPARE, PLC1302 (Slot-3), I0306","","Local:3:I.Data.6","(RADIX := Decimal, ExternalAccess := Read/Write)"
ALIAS,,I0308,"I0308, DOCKING STATION CYLINDER EXTEND, PLC1302 (Slot-3), I0308","","Local:3:I.Data.8","(RADIX := Decimal, ExternalAccess := Read/Write)"
ALIAS,,I0310,"I0310, SPARE, PLC1302 (Slot-3), I0310","","Local:3:I.Data.10","(RADIX := Decimal, ExternalAccess := Read/Write)"
ALIAS,,I0311,"I0311, SPARE, PLC1302 (Slot-3), I0311","","Local:3:I.Data.11","(RADIX := Decimal, ExternalAccess := Read/Write)"
ALIAS,,I0314,"I0314, SPARE, PLC1302 (Slot-3), I0314","","Local:3:I.Data.14","(RADIX := Decimal, ExternalAccess := Read/Write)"
TAG,,IAI_DnStacker_CMD_Manual_Move,"HMI PB GO TO Button$N","BOOL","","(Class := Standard, RADIX := Decimal, Constant := false, ExternalAccess := Read/Write)"
TAG,,IAI_UpStacker_CMD_Manual_Move,"HMI PB GO TO Button$N","BOOL","","(Class := Standard, RADIX := Decimal, Constant := false, ExternalAccess := Read/Write)"
ALIAS,,IEM67_A3_C3,"IEM67_A3_C3, ROBOT - IMM I/F MOLD AREA FREE, PLC1602 (Slot-6), O0600","","Local:6:O.Data.0","(RADIX := Decimal, ExternalAccess := Read/Write)"
ALIAS,,IEM67_A6,"IEM67_A6, ROBOT - IMM I/F MOLD CLOSURE ENABLE, PLC1602 (Slot-6), O0601","","Local:6:O.Data.1","(RADIX := Decimal, ExternalAccess := Read/Write)"
ALIAS,,IEM67_A7,"IEM67_A7, ROBOT - IMM I/F FULL MODE OPENING ENABLE, PLC1602 (Slot-6), O0602","","Local:6:O.Data.2","(RADIX := Decimal, ExternalAccess := Read/Write)"
ALIAS,,IEM67_B2,"IEM67_B2, ROBOT - IMM I/F ROBOT OPERATE, PLC1602 (Slot-6), O0603","","Local:6:O.Data.3","(RADIX := Decimal, ExternalAccess := Read/Write)"
ALIAS,,IEM67_B3,"IEM67_B3, ROBOT - IMM I/F INJECTOR BACK ENABLE, PLC1602 (Slot-6), O0604","","Local:6:O.Data.4","(RADIX := Decimal, ExternalAccess := Read/Write)"
ALIAS,,IEM67_B4,"IEM67_B4, ROBOT - IMM I/F INJECTOR FORWARD ENABLE, PLC1602 (Slot-6), O0605","","Local:6:O.Data.5","(RADIX := Decimal, ExternalAccess := Read/Write)"
ALIAS,,IEM67_B5,"IEM67_B5, ROBOT - IMM I/F CORE PULLER 1 POS 1 ENABLE, PLC1602 (Slot-6), O0606","","Local:6:O.Data.6","(RADIX := Decimal, ExternalAccess := Read/Write)"
ALIAS,,IEM67_B6,"IEM67_B6, ROBOT - IMM I/F CORE PULLER 1 POS 2 ENABLE, PLC1602 (Slot-6), O0607","","Local:6:O.Data.7","(RADIX := Decimal, ExternalAccess := Read/Write)"
ALIAS,,IEM67_B7,"IEM67_B7, ROBOT - IMM I/F CORE PULLER 2 POS 1 ENABLE, PLC1602 (Slot-6), O0608","","Local:6:O.Data.8","(RADIX := Decimal, ExternalAccess := Read/Write)"
ALIAS,,IEM67_B8,"IEM67_B8, ROBOT - IMM I/F CORE PULLER 2 POS 2 ENABLE, PLC1602 (Slot-6), O0609","","Local:6:O.Data.9","(RADIX := Decimal, ExternalAccess := Read/Write)"
ALIAS,,IEM67_C5,"IEM67_C5, , PLC1602 (Slot-6), O0610","","Local:6:O.Data.10","(RADIX := Decimal, ExternalAccess := Read/Write)"
ALIAS,,IEM67_C8,"IEM67_C8, , PLC1602 (Slot-6), O0611","","Local:6:O.Data.11","(RADIX := Decimal, ExternalAccess := Read/Write)"
ALIAS,,IMMtoR_CorePL1Pos1,"IMMtoR_CorePL1Pos1, Injection Molding Machine to Robot, IMM CORE PULLER 1 POSITION 1, (PLC To Robot Ethernet IP Comms)","","Station100_Robot:O.Data[2].1","(RADIX := Decimal, ExternalAccess := Read/Write)"
ALIAS,,IMMtoR_CorePL1Pos2,"IMMtoR_CorePL1Pos2, Injection Molding Machine to Robot, IMM CORE PULLER 1 POSITION 2, (PLC To Robot Ethernet IP Comms)","","Station100_Robot:O.Data[2].2","(RADIX := Decimal, ExternalAccess := Read/Write)"
ALIAS,,IMMtoR_CorePL2Pos1,"IMMtoR_CorePL2Pos1, Injection Molding Machine to Robot, IMM CORE PULLER 2 POSITION 1, (PLC To Robot Ethernet IP Comms)","","Station100_Robot:O.Data[2].3","(RADIX := Decimal, ExternalAccess := Read/Write)"
ALIAS,,IMMtoR_CorePL2Pos2,"IMMtoR_CorePL2Pos2, Injection Molding Machine to Robot, IMM CORE PULLER 2 POSITION 2, (PLC To Robot Ethernet IP Comms)","","Station100_Robot:O.Data[2].4","(RADIX := Decimal, ExternalAccess := Read/Write)"
ALIAS,,IMMtoR_DrOpenEnable,"IMMtoR_DrOpenEnable, Injection Molding Machine to Robot, IMM DOOR OPEN ENABLE, (PLC To Robot Ethernet IP Comms)","","Station100_Robot:O.Data[2].7","(RADIX := Decimal, ExternalAccess := Read/Write)"
ALIAS,,IMMtoR_EjectPosBck,"IMMtoR_EjectPosBck, Injection Molding Machine to Robot, IMM EJECTOR POSITION BACK, (PLC To Robot Ethernet IP Comms)","","Station100_Robot:O.Data[1].7","(RADIX := Decimal, ExternalAccess := Read/Write)"
ALIAS,,IMMtoR_EjectPosFrw,"IMMtoR_EjectPosFrw, Injection Molding Machine to Robot, IMM EJECTOR POSITION FORWARD, (PLC To Robot Ethernet IP Comms)","","Station100_Robot:O.Data[2].0","(RADIX := Decimal, ExternalAccess := Read/Write)"
ALIAS,,IMMtoR_InidicateDrReq,"IMMtoR_InidicateDrReq, Injection Molding Machine to Robot,  IMM INDICATION OF DOOR OPEN REQUEST, (PLC To Robot Ethernet IP Comms)","","Station100_Robot:O.Data[2].6","(RADIX := Decimal, ExternalAccess := Read/Write)"
ALIAS,,IMMtoR_MoldClosed,"IMMtoR_MoldClosed, Injection Molding Machine to Robot, IMM MOLD POSITION CLOSED, (PLC To Robot Ethernet IP Comms)","","Station100_Robot:O.Data[1].3","(RADIX := Decimal, ExternalAccess := Read/Write)"
ALIAS,,IMMtoR_MoldInterOpen,"IMMtoR_MoldInterOpen, Injection Molding Machine to Robot, IMM INTERMEDIATE MOLD POSITION OPEN, (PLC To Robot Ethernet IP Comms)","","Station100_Robot:O.Data[1].5","(RADIX := Decimal, ExternalAccess := Read/Write)"
ALIAS,,IMMtoR_MoldOpen,"IMMtoR_MoldOpen, Injection Molding Machine to Robot, IMM MOLD POSITION OPEN, (PLC To Robot Ethernet IP Comms)","","Station100_Robot:O.Data[1].4","(RADIX := Decimal, ExternalAccess := Read/Write)"
ALIAS,,IMMtoR_OpEnable,"IMMtoR_OpEnable, Injection Molding Machine to Robot, IMM ROBOT OPERATION ENABLE, (PLC To Robot Ethernet IP Comms)","","Station100_Robot:O.Data[1].6","(RADIX := Decimal, ExternalAccess := Read/Write)"
ALIAS,,IMMtoR_PartInjected,"IMMtoR_Rejected, Injection Molding Machine to Robot, IMM REJECT, (PLC To Robot Ethernet IP Comms)","","Station100_Robot:O.Data[1].2","(RADIX := Decimal, ExternalAccess := Read/Write)"
ALIAS,,IMMtoR_PartRejected,"IMMtoR_PartRejected, Injection Molding Machine to Robot,  IMM PART INJECTED, (PLC To Robot Ethernet IP Comms)","","Station100_Robot:O.Data[2].5","(RADIX := Decimal, ExternalAccess := Read/Write)"
ALIAS,,IMMtoR_PlaceErrorEjBck,"IMMtoR_PlaceErrorEjBck, Robot to Injection Molding Machine, Place failed Mold ejector not Backward, (Robot To PLC Ethernet IP Comms)$N","","Station100_Robot:I.Data[5].1","(RADIX := Decimal, ExternalAccess := Read/Write)"
ALIAS,,IMMtoR_PlaceErrorEjFrw,"IMMtoR_PlaceErrorEjFrw, Robot to Injection Molding Machine, Place failed Mold ejector not forward, (Robot To PLC Ethernet IP Comms)$N","","Station100_Robot:I.Data[5].0","(RADIX := Decimal, ExternalAccess := Read/Write)"
ALIAS,,IMMtoR_PlaceErrorMoldOpn,"IMMtoR_PlaceErrorMoldOpn, Molding Machine to Robot Injection ,  Mold not open, (Robot To PLC Ethernet IP Comms)$N","","Station100_Robot:I.Data[5].2","(RADIX := Decimal, ExternalAccess := Read/Write)"
ALIAS,,IMMtoR_PreEntrErrorEjBck,"IMMtoR_PreEntrErrorEjBck, Injection Molding Machine to Robot Injection , Place failed Mold ejector not forward, (Robot To PLC Ethernet IP Comms)","","Station100_Robot:I.Data[5].6","(RADIX := Decimal, ExternalAccess := Read/Write)"
TAG,,IMM_Load_Request,"","BOOL","","(Class := Standard, RADIX := Decimal, Constant := false, ExternalAccess := Read/Write)"
TAG,,IMM_Open,"","BOOL","","(Class := Standard, RADIX := Decimal, Constant := false, ExternalAccess := Read/Write)"
TAG,,Indexer_Auto,"","UDT_Routine_Control","","(Class := Standard, Constant := false, ExternalAccess := Read/Write)"
TAG,,Indexer_Start_Laser_Marking_Auto_Req,"","DINT","","(Class := Standard, RADIX := Decimal, Constant := false, ExternalAccess := Read/Write)"
TAG,,Indexer_Step_String,"","STRING[15]","","(Class := Standard, Constant := false, ExternalAccess := Read/Write)"
TAG,,IndexTable_In_Position,"","BOOL","","(Class := Standard, RADIX := Decimal, Constant := false, ExternalAccess := Read/Write)"
TAG,,IndexTable_New_Part_Requested,"","BOOL","","(Class := Standard, RADIX := Decimal, Constant := false, ExternalAccess := Read/Write)"
TAG,,Index_Table_Part_Data,"","Part_Data[5]","","(Class := Standard, Constant := false, ExternalAccess := Read/Write)"
TAG,,JobNumber,"","INT","","(Class := Standard, RADIX := Decimal, Constant := false, ExternalAccess := Read/Write)"
TAG,,Josh_test,"","DINT","","(Class := Standard, RADIX := Decimal, Constant := false, ExternalAccess := Read/Write)"
TAG,,Keyence_Com_Fault,"","BOOL","","(Class := Standard, RADIX := Decimal, Constant := false, ExternalAccess := Read/Write)"
TAG,,Keyence_IV3_Fail,"","BOOL","","(Class := Standard, RADIX := Decimal, Constant := false, ExternalAccess := Read/Write)"
TAG,,Keyence_IV3_Pass,"","BOOL","","(Class := Standard, RADIX := Decimal, Constant := false, ExternalAccess := Read/Write)"
TAG,,Keyence_IV3_Perm_Trigger,"","BOOL","","(Class := Standard, RADIX := Decimal, Constant := false, ExternalAccess := Read/Write)"
TAG,,Keyence_IV3_Program_Change,"","BOOL","","(Class := Standard, RADIX := Decimal, Constant := false, ExternalAccess := Read/Write)"
TAG,,Keyence_IV3_Ready,"","BOOL","","(Class := Standard, RADIX := Decimal, Constant := false, ExternalAccess := Read/Write)"
TAG,,LaserCamera_StatusCode,"","DINT","","(Class := Standard, RADIX := Decimal, Constant := false, ExternalAccess := Read/Write)"
TAG,,Laser_Clear_TMR,"","TIMER","","(Class := Standard, Constant := false, ExternalAccess := Read/Write)"
TAG,,Laser_Com_Fault,"","BOOL","","(Class := Standard, RADIX := Decimal, Constant := false, ExternalAccess := Read/Write)"
TAG,,Laser_Error,"","BOOL","","(Class := Standard, RADIX := Decimal, Constant := false, ExternalAccess := Read/Write)"
TAG,,Laser_Error_TMR,"","TIMER","","(Class := Standard, Constant := false, ExternalAccess := Read/Write)"
TAG,,Laser_Fault,"","BOOL","","(Class := Standard, RADIX := Decimal, Constant := false, ExternalAccess := Read/Write)"
TAG,,Laser_Hood_Lower,"","BUTTON_FUNCTION","","(Class := Standard, Constant := false, ExternalAccess := Read/Write)"
TAG,,Laser_Hood_Lowered_Dly,"","TIMER","","(Class := Standard, Constant := false, ExternalAccess := Read/Write)"
TAG,,Laser_Hood_Lower_Permit,"","BOOL","","(Class := Standard, RADIX := Decimal, Constant := false, ExternalAccess := Read/Write)"
TAG,,Laser_Hood_Raise,"","BUTTON_FUNCTION","","(Class := Standard, Constant := false, ExternalAccess := Read/Write)"
TAG,,Laser_Hood_Raise_Permit,"","BOOL","","(Class := Standard, RADIX := Decimal, Constant := false, ExternalAccess := Read/Write)"
TAG,,Laser_Marker_Auto,"","UDT_Routine_Control","","(Class := Standard, Constant := false, ExternalAccess := Read/Write)"
TAG,,Laser_Marker_Ready,"","BOOL","","(Class := Standard, RADIX := Decimal, Constant := false, ExternalAccess := Read/Write)"
TAG,,Laser_Marking_Auto_Seq_Complete,"From laser auto sequence","BOOL","","(Class := Standard, RADIX := Decimal, Constant := false, ExternalAccess := Read/Write)"
TAG,,Laser_Marking_Complete,"Input from Keyence laser","BOOL","","(Class := Standard, RADIX := Decimal, Constant := false, ExternalAccess := Read/Write)"
TAG,,Laser_Marking_Permit,"","BOOL","","(Class := Standard, RADIX := Decimal, Constant := false, ExternalAccess := Read/Write)"
TAG,,Laser_Ready_For_Job_Change,"","BOOL","","(Class := Standard, RADIX := Decimal, Constant := false, ExternalAccess := Read/Write)"
TAG,,Laser_Shutter_Close_Auto_Req,"","DINT","","(Class := Standard, RADIX := Decimal, Constant := false, ExternalAccess := Read/Write)"
TAG,,Laser_Shutter_Control_Status,"","BOOL","","(Class := Standard, RADIX := Decimal, Constant := false, ExternalAccess := Read/Write)"
TAG,,Laser_Shutter_Open,"","BOOL","","(Class := Standard, RADIX := Decimal, Constant := false, ExternalAccess := Read/Write)"
TAG,,Laser_Start_Auto_Req,"","DINT","","(Class := Standard, RADIX := Decimal, Constant := false, ExternalAccess := Read/Write)"
TAG,,Laser_Station_Alarm,"","DINT","","(Class := Standard, RADIX := Decimal, Constant := false, ExternalAccess := Read/Write)"
TAG,,Laser_Station_Alarm_Delay,"","TIMER[32]","","(Class := Standard, Constant := false, ExternalAccess := Read/Write)"
TAG,,Laser_Station_Faulted,"","BOOL","","(Class := Standard, RADIX := Decimal, Constant := false, ExternalAccess := Read/Write)"
TAG,,Laser_Station_Notification,"","DINT","","(Class := Standard, RADIX := Decimal, Constant := false, ExternalAccess := Read/Write)"
TAG,,Laser_StatusCode,"","DINT","","(Class := Standard, RADIX := Decimal, Constant := false, ExternalAccess := Read/Write)"
TAG,,Laser_Step_String,"","STRING[10]","","(Class := Standard, Constant := false, ExternalAccess := Read/Write)"
TAG,,Laser_Stopped,"","BOOL","","(Class := Standard, RADIX := Decimal, Constant := false, ExternalAccess := Read/Write)"
TAG,,Laser_Warning,"","BOOL","","(Class := Standard, RADIX := Decimal, Constant := false, ExternalAccess := Read/Write)"
TAG,,LayerMoveONS,"","BOOL","","(Class := Standard, RADIX := Decimal, Constant := false, ExternalAccess := Read/Write)"
TAG,,Layer_Last_TMR,"","TIMER","","(Class := Standard, Constant := false, ExternalAccess := Read/Write)"
TAG,,Layer_Moved_and_Clear,"","BOOL","","(Class := Standard, RADIX := Decimal, Constant := false, ExternalAccess := Read/Write)"
TAG,,Low_Air_Fault,"","BOOL","","(Class := Standard, RADIX := Decimal, Constant := false, ExternalAccess := Read/Write)"
ALIAS,,LT400,"LT400, GREEN CONTROL ON LIGHT, PLC1402 (Slot-4), O0400","","Local:4:O.Data.0","(RADIX := Decimal, ExternalAccess := Read/Write)"
ALIAS,,LT403,"LT403, SAFETY DEVICE TRIPPED, PLC1402 (Slot-4), O0403","","Local:4:O.Data.3","(RADIX := Decimal, ExternalAccess := Read/Write)"
ALIAS,,LT404,"LT404, SYSTEM RUNNING, PLC1402 (Slot-4), O0404","","Local:4:O.Data.4","(RADIX := Decimal, ExternalAccess := Read/Write)"
TAG,,Machine_Stopped_Delay,"","TIMER","","(Class := Standard, Constant := false, ExternalAccess := Read/Write)"
TAG,,Manual_RUN_ONS,"","BOOL","","(Class := Standard, RADIX := Decimal, Constant := false, ExternalAccess := Read/Write)"
TAG,,Motion_Control_OK,"","BOOL","","(Class := Standard, RADIX := Decimal, Constant := false, ExternalAccess := Read/Write)"
TAG,,Move_Layer_Signle_Shot,"","BOOL","","(Class := Standard, RADIX := Decimal, Constant := false, ExternalAccess := Read/Write)"
TAG,,NegLim,"","DINT","","(Class := Standard, RADIX := Decimal, Constant := false, ExternalAccess := Read/Write)"
TAG,,New_Fill_Item,"","BOOL","","(Class := Standard, RADIX := Decimal, Constant := false, ExternalAccess := Read/Write)"
TAG,,New_Layer_Cognex,"","BOOL","","(Class := Standard, RADIX := Decimal, Constant := false, ExternalAccess := Read/Write)"
ALIAS,,O0410,"O0410, DOCKING STATION LOCK, PLC1402 (Slot-4), O0410","","Local:4:O.Data.10","(RADIX := Decimal, ExternalAccess := Read/Write)"
ALIAS,,O0500,"O0500, SPARE, PLC1502 (Slot-5), O0500","","Local:5:O.Data.0","(RADIX := Decimal, ExternalAccess := Read/Write)"
ALIAS,,O0501,"O0501, SPARE, PLC1502 (Slot-5), O0501","","Local:5:O.Data.1","(RADIX := Decimal, ExternalAccess := Read/Write)"
ALIAS,,O0502,"O0502, SPARE, PLC1502 (Slot-5), O0502","","Local:5:O.Data.2","(RADIX := Decimal, ExternalAccess := Read/Write)"
ALIAS,,O0503,"O0503, SPARE, PLC1502 (Slot-5), O0503","","Local:5:O.Data.3","(RADIX := Decimal, ExternalAccess := Read/Write)"
ALIAS,,O0505,"O0505, SPARE, PLC1502 (Slot-5), O0505","","Local:5:O.Data.5","(RADIX := Decimal, ExternalAccess := Read/Write)"
ALIAS,,O0506,"O0506, SPARE, PLC1502 (Slot-5), O0506","","Local:5:O.Data.6","(RADIX := Decimal, ExternalAccess := Read/Write)"
ALIAS,,O0510,"O0510, SPARE, PLC1502 (Slot-5), O0510","","Local:5:O.Data.10","(RADIX := Decimal, ExternalAccess := Read/Write)"
ALIAS,,O0511,"O0511, SPARE, PLC1502 (Slot-5), O0511","","Local:5:O.Data.11","(RADIX := Decimal, ExternalAccess := Read/Write)"
ALIAS,,O0513,"O0513, SPARE, PLC1502 (Slot-5), O0513","","Local:5:O.Data.13","(RADIX := Decimal, ExternalAccess := Read/Write)"
ALIAS,,O0514,"O0514, SPARE, PLC1502 (Slot-5), O0514","","Local:5:O.Data.14","(RADIX := Decimal, ExternalAccess := Read/Write)"
ALIAS,,O0612,"O0612, , PLC1602 (Slot-6), O0612","","Local:6:O.Data.12","(RADIX := Decimal, ExternalAccess := Read/Write)"
ALIAS,,O0613,"O0613, , PLC1602 (Slot-6), O0613","","Local:6:O.Data.13","(RADIX := Decimal, ExternalAccess := Read/Write)"
ALIAS,,O0711,"O0711, SPARE, PLC1702 (Slot-7), O0711","","Local:7:O.Data.11","(RADIX := Decimal, ExternalAccess := Read/Write)"
ALIAS,,O0712,"O0712, SPARE, PLC1702 (Slot-7), O0712","","Local:7:O.Data.12","(RADIX := Decimal, ExternalAccess := Read/Write)"
ALIAS,,O0713,"O0713, SPARE, PLC1702 (Slot-7), O0713","","Local:7:O.Data.13","(RADIX := Decimal, ExternalAccess := Read/Write)"
ALIAS,,O0714,"O0714, SPARE, PLC1702 (Slot-7), O0714","","Local:7:O.Data.14","(RADIX := Decimal, ExternalAccess := Read/Write)"
ALIAS,,O0715,"O0715, SPARE, PLC1702 (Slot-7), O0715","","Local:7:O.Data.15","(RADIX := Decimal, ExternalAccess := Read/Write)"
TAG,,ONS,"","DINT","","(Class := Standard, RADIX := Decimal, Constant := false, ExternalAccess := Read/Write)"
TAG,,ONS_DOCK,"","DINT","","(Class := Standard, RADIX := Decimal, Constant := false, ExternalAccess := Read/Write)"
TAG,,ONS_STACK,"","DINT","","(Class := Standard, RADIX := Decimal, Constant := false, ExternalAccess := Read/Write)"
TAG,,Open_Laser_Shutter_Auto_Req,"","DINT","","(Class := Standard, RADIX := Decimal, Constant := false, ExternalAccess := Read/Write)"
TAG,,Open_Laser_Shuuter_Auto_Req_Delete,"","BOOL","","(Class := Standard, RADIX := Decimal, Constant := false, ExternalAccess := Read/Write)"
TAG,,Open_Location,"","BOOL","","(Class := Standard, RADIX := Decimal, Constant := false, ExternalAccess := Read/Write)"
TAG,,Optix_AlwaysDropInShootReset,"","BOOL","","(Class := Standard, RADIX := Decimal, Constant := false, ExternalAccess := Read/Write)"
TAG,,Optix_AlwaysDropInShootStatusCode,"","DINT","","(Class := Standard, RADIX := Decimal, Constant := false, ExternalAccess := Read/Write)"
TAG,,Optix_AlwaysDropInShootTimer,"","TIMER","","(Class := Standard, Constant := false, ExternalAccess := Read/Write)"
TAG,,Optix_AlwaysDropInShootTimerONS,"","BOOL","","(Class := Standard, RADIX := Decimal, Constant := false, ExternalAccess := Read/Write)"
TAG,,Optix_DoorLockRequest,"","BOOL","","(Class := Standard, RADIX := Decimal, Constant := false, ExternalAccess := Read/Write)"
TAG,,Optix_DoorLockRequestONS,"","BOOL","","(Class := Standard, RADIX := Decimal, Constant := false, ExternalAccess := Read/Write)"
TAG,,Optix_IMMDoorAknowledge,"","BOOL","","(Class := Standard, RADIX := Decimal, Constant := false, ExternalAccess := Read/Write)"
TAG,,Optix_LayerEntryEnable,"","DINT","","(Class := Standard, RADIX := Decimal, Constant := false, ExternalAccess := Read/Write)"
TAG,,Optix_RobotMoveEnable,"","BOOL","","(Class := Standard, RADIX := Decimal, Constant := false, ExternalAccess := Read/Write)"
TAG,,Optix_TTpickConfirmButton,"","BOOL","","(Class := Standard, RADIX := Decimal, Constant := false, ExternalAccess := Read/Write)"
TAG,,Optix_TT_Maint_Mode,"","BOOL","","(Class := Standard, RADIX := Decimal, Constant := false, ExternalAccess := Read/Write)"
TAG,,Optix_UppertoolBarFaultCode,"","DINT","","(Class := Standard, RADIX := Decimal, Constant := false, ExternalAccess := Read/Write)"
TAG,,Part_Present_At_Index_Load,"","BOOL","","(Class := Standard, RADIX := Decimal, Constant := false, ExternalAccess := Read/Write)"
ALIAS,,PB109,"PB109, STOP PUSHBUTTON, PLC1102 (Slot-1), I0109","","Local:1:I.Data.9","(RADIX := Decimal, ExternalAccess := Read/Write)"
ALIAS,,PB110,"PB110, CONTROL RESET PUSHBUTTON, PLC1102 (Slot-1), I0110","","Local:1:I.Data.10","(RADIX := Decimal, ExternalAccess := Read/Write)"
TAG,,PB_Flip_Flop,"","DINT","","(Class := Standard, RADIX := Decimal, Constant := false, ExternalAccess := Read/Write)"
TAG,,PB_Hold_TMR,"","TIMER","","(Class := Standard, Constant := false, ExternalAccess := Read/Write)"
ALIAS,,PC_Door_Open_Request,"","","PC_To_PLC_DINT[10].3","(RADIX := Decimal, ExternalAccess := Read/Write)"
TAG,,PC_Door_Open_RequestONS,"","BOOL","","(Class := Standard, RADIX := Decimal, Constant := false, ExternalAccess := Read/Write)"
ALIAS,,PC_DwnStack_Column_Cmd,"","","PC_To_PLC_DINT[55]","(RADIX := Decimal, ExternalAccess := Read/Write)"
ALIAS,,PC_DwnStack_Layer_Cmd,"","","PC_To_PLC_DINT[53]","(RADIX := Decimal, ExternalAccess := Read/Write)"
ALIAS,,PC_DwnStack_Row_Cmd,"","","PC_To_PLC_DINT[54]","(RADIX := Decimal, ExternalAccess := Read/Write)"
ALIAS,,PC_Part_to_Chute,"","","PC_To_PLC_DINT[10].4","(RADIX := Decimal, ExternalAccess := Read/Write)"
ALIAS,,PC_Stacker_Cmd,"","","PC_To_PLC_DINT[10].5","(RADIX := Decimal, ExternalAccess := Read/Write)"
TAG,,PC_To_PLC_DINT,"","DINT[100]","","(Class := Standard, RADIX := Decimal, Constant := false, ExternalAccess := Read/Write)"
COMMENT,,PC_To_PLC_DINT,"PC_TT_Clear_Data, Set to 1 when pressed - Allow PLC to clear",,"PC_To_PLC_DINT[10].0"
COMMENT,,PC_To_PLC_DINT,"PC_TT_Run, Set to 1 when pressed - Allow PLC to clear",,"PC_To_PLC_DINT[10].1"
COMMENT,,PC_To_PLC_DINT,"PC_Trigger_Cognex, Set to 1 when pressed - Allow PLC to clear",,"PC_To_PLC_DINT[10].2"
COMMENT,,PC_To_PLC_DINT,"PC_Door_Open_Request, Set to 1 when pressed - Allow PLC to clear",,"PC_To_PLC_DINT[10].3"
COMMENT,,PC_To_PLC_DINT,"PC_Part_to_Chute, Momentary Button Press from Optix will set to 1 and allow PLC to Clear. When Button is held for 2 seconds, Optix will set to 1 and either prevent a clear from PLC or continuously set to 1.",,"PC_To_PLC_DINT[10].4"
COMMENT,,PC_To_PLC_DINT,"PC_Stacker_Cmd$N, When this bit is 1 PC is able to make Stacker layer adjustments",,"PC_To_PLC_DINT[10].5"
COMMENT,,PC_To_PLC_DINT,"PC_Upstack_Layer_Cmd",,"PC_To_PLC_DINT[50]"
COMMENT,,PC_To_PLC_DINT,"PC_Upstack_Row_Cmd",,"PC_To_PLC_DINT[51]"
COMMENT,,PC_To_PLC_DINT,"PC_Upstack_Column_Cmd",,"PC_To_PLC_DINT[52]"
COMMENT,,PC_To_PLC_DINT,"PC_DwnStack_Layer_Cmd",,"PC_To_PLC_DINT[53]"
COMMENT,,PC_To_PLC_DINT,"PC_DwnStack_Row_Cmd",,"PC_To_PLC_DINT[54]"
COMMENT,,PC_To_PLC_DINT,"PC_DwnStack_Column_Cmd",,"PC_To_PLC_DINT[55]"
ALIAS,,PC_Trigger_Cognex,"","","PC_To_PLC_DINT[10].2","(RADIX := Decimal, ExternalAccess := Read/Write)"
ALIAS,,PC_TT_Clear_Data,"","","PC_To_PLC_DINT[10].0","(RADIX := Decimal, ExternalAccess := Read/Write)"
ALIAS,,PC_TT_Run,"","","PC_To_PLC_DINT[10].1","(RADIX := Decimal, ExternalAccess := Read/Write)"
ALIAS,,PC_Upstack_Column_Cmd,"","","PC_To_PLC_DINT[52]","(RADIX := Decimal, ExternalAccess := Read/Write)"
ALIAS,,PC_Upstack_Layer_Cmd,"","","PC_To_PLC_DINT[50]","(RADIX := Decimal, ExternalAccess := Read/Write)"
ALIAS,,PC_Upstack_Row_Cmd,"","","PC_To_PLC_DINT[51]","(RADIX := Decimal, ExternalAccess := Read/Write)"
ALIAS,,PE202,"PE202, PRODUCT 1 DETECT, PLC25 (Point I/O Rack-1 Slot-2), I0202","","COMM2104:2:I.2","(RADIX := Decimal, ExternalAccess := Read/Write)"
ALIAS,,PE203,"PE203, PRODUCT 2 DETECT, PLC25 (Point I/O Rack-1 Slot-2), I0203","","COMM2104:2:I.3","(RADIX := Decimal, ExternalAccess := Read/Write)"
ALIAS,,PE304,"PE304, TRAY DETECTION 1 UPSTACKER , PLC1302 (Slot-3), I0304","","Local:3:I.Data.4","(RADIX := Decimal, ExternalAccess := Read/Write)"
ALIAS,,PE305,"PE305, TRAY DETECTION 2 UPSTACKER , PLC1302 (Slot-3), I0305","","Local:3:I.Data.5","(RADIX := Decimal, ExternalAccess := Read/Write)"
ALIAS,,PE307,"PE307, SPRUE BIN FULL, PLC1302 (Slot-3), I0307","","Local:3:I.Data.7","(RADIX := Decimal, ExternalAccess := Read/Write)"
TAG,,PE307_Delay,"","TIMER","","(Class := Standard, Constant := false, ExternalAccess := Read/Write)"
ALIAS,,PE312,"PE312, TRAY DETECTION 3 DOWNSTACKER , PLC1302 (Slot-3), I0312","","Local:3:I.Data.12","(RADIX := Decimal, ExternalAccess := Read/Write)"
ALIAS,,PE313,"PE313, TRAY DETECTION 4 DOWNSTACKER , PLC1302 (Slot-3), I0313","","Local:3:I.Data.13","(RADIX := Decimal, ExternalAccess := Read/Write)"
TAG,,PlaceHold,"","BOOL","","(Class := Standard, RADIX := Decimal, Constant := false, ExternalAccess := Read/Write)"
TAG,,PlaceHolderBit,"","BOOL","","(Class := Standard, RADIX := Decimal, Constant := false, ExternalAccess := Read/Write)"
ALIAS,,PLCtoR_Auto,"PLCtoR_Auto, PLC to Robot, Auto mode, (PLC To Robot Ethernet IP Comms)$N","","Station100_Robot:O.Data[3].7","(RADIX := Decimal, ExternalAccess := Read/Write)"
ALIAS,,PLCtoR_BlankCupAVacOn,"PLCtoR_BlankCupAVacOn, ROBOT TOOL BOTTLE BLANK TION CUP A VACUUM SENSOR , (PLC To Robot Ethernet IP Comms)","","Station100_Robot:O.Data[0].0","(RADIX := Decimal, ExternalAccess := Read/Write)"
ALIAS,,PLCtoR_BlankCupBVacOn,"PLCtoR_BlankCupBVacOn, ROBOT TOOL BOTTLE BLANK TION CUP B VACUUM SENSOR , (PLC To Robot Ethernet IP Comms)","","Station100_Robot:O.Data[0].1","(RADIX := Decimal, ExternalAccess := Read/Write)"
ALIAS,,PLCtoR_ConfMess,"PLCtoR_ConfMess, PLC to Robot , (PLC To Robot Ethernet IP Comms)$N","","Station100_Robot:O.Data[4].7","(RADIX := Decimal, ExternalAccess := Read/Write)"
ALIAS,,PLCtoR_DrawerFull,"PLCtoR_DrawerFull, PLC to Robot, drawer is full please unload, (PLC To Robot Ethernet IP Comms)$N","","Station100_Robot:O.Data[4].2","(RADIX := Decimal, ExternalAccess := Read/Write)"
ALIAS,,PLCtoR_DrawerInPos,"PLCtoR_DrawerInPos, PLC to Robot, Drawer is in position, (PLC To Robot Ethernet IP Comms)$N","","Station100_Robot:O.Data[4].3","(RADIX := Decimal, ExternalAccess := Read/Write)"
ALIAS,,PLCtoR_DrivesOff,"PLCtoR_DrivesOff, PLC to Robot , (PLC To Robot Ethernet IP Comms)$N","","Station100_Robot:O.Data[4].5","(RADIX := Decimal, ExternalAccess := Read/Write)"
ALIAS,,PLCtoR_DrivesOn,"PLCtoR_DrivesOn, PLC to Robot , (PLC To Robot Ethernet IP Comms)$N","","Station100_Robot:O.Data[4].6","(RADIX := Decimal, ExternalAccess := Read/Write)"
ALIAS,,PLCtoR_ExtStart,"PLCtoR_ExtStart, PLC to Robot , (PLC To Robot Ethernet IP Comms)$N$N","","Station100_Robot:O.Data[5].0","(RADIX := Decimal, ExternalAccess := Read/Write)"
ALIAS,,PLCtoR_FinishCupAVacOn,"PLCtoR_FinishCupAVacOn, ROBOT TOOL BOTTLE FINISHED TION CUP A VACUUM SENSOR , (PLC To Robot Ethernet IP Comms)","","Station100_Robot:O.Data[0].2","(RADIX := Decimal, ExternalAccess := Read/Write)"
ALIAS,,PLCtoR_FinishCupBVacOn,"PLCtoR_FinishCupBVacOn, ROBOT TOOL BOTTLE FINISHED TION CUP B VACUUM SENSOR , (PLC To Robot Ethernet IP Comms)","","Station100_Robot:O.Data[0].3","(RADIX := Decimal, ExternalAccess := Read/Write)"
ALIAS,,PLCtoR_Manual,"PLCtoR_Manual, PLC to Robot, manual mode, (PLC To Robot Ethernet IP Comms)$N","","Station100_Robot:O.Data[3].6","(RADIX := Decimal, ExternalAccess := Read/Write)"
TAG,,PLCtoR_MoveAccel,"PLCtoR_MoveAccel, PLC to Robot, accelaration value (10-100), (PLC To Robot Ethernet IP Comms)$N","DINT","","(Class := Standard, RADIX := Decimal, Constant := false, ExternalAccess := Read/Write)"
ALIAS,,PLCtoR_MoveEnable,"PLCtoR_MoveEnable, Safe to move robot, (PLC To Robot Ethernet IP Comms)","","Station100_Robot:O.Data[4].4","(RADIX := Decimal, ExternalAccess := Read/Write)"
ALIAS,,PLCtoR_ResetSignal,"PLCtoR_ResetSignal, PLC to Robot, reset signal from PB or HMI button, (PLC To Robot Ethernet IP Comms)$N","","Station100_Robot:O.Data[3].0","(RADIX := Decimal, ExternalAccess := Read/Write)"
ALIAS,,PLCtoR_Start,"PLCtoR_Start, PLC to Robot, start run, (PLC To Robot Ethernet IP Comms)$N","","Station100_Robot:O.Data[3].4","(RADIX := Decimal, ExternalAccess := Read/Write)"
ALIAS,,PLCtoR_Stop,"PLCtoR_Stop, PLC to Robot, Stop run, (PLC To Robot Ethernet IP Comms)$N","","Station100_Robot:O.Data[3].5","(RADIX := Decimal, ExternalAccess := Read/Write)"
TAG,,PLC_To_PC_DINT,"","DINT[100]","","(Class := Standard, RADIX := Decimal, Constant := false, ExternalAccess := Read/Write)"
COMMENT,,PLC_To_PC_DINT,"CRM Active",,"PLC_To_PC_DINT[0].0"
COMMENT,,PLC_To_PC_DINT,"CRM_S Active",,"PLC_To_PC_DINT[0].1"
COMMENT,,PLC_To_PC_DINT,"CRM_P Active",,"PLC_To_PC_DINT[0].3"
COMMENT,,PLC_To_PC_DINT,"Kuka Saftey Fault",,"PLC_To_PC_DINT[0].4"
COMMENT,,PLC_To_PC_DINT,"CRM_DS Active",,"PLC_To_PC_DINT[0].5"
COMMENT,,PLC_To_PC_DINT,"Air Fault",,"PLC_To_PC_DINT[0].6"
COMMENT,,PLC_To_PC_DINT,"ESPB Panel Pressed",,"PLC_To_PC_DINT[5].0"
COMMENT,,PLC_To_PC_DINT,"Doors 3 and 4 Unlocked",,"PLC_To_PC_DINT[5].1"
COMMENT,,PLC_To_PC_DINT,"Doors 1 and 2 Unlocked",,"PLC_To_PC_DINT[5].2"
COMMENT,,PLC_To_PC_DINT,"Door Open Request",,"PLC_To_PC_DINT[5].3"
COMMENT,,PLC_To_PC_DINT,"Door 1 Open",,"PLC_To_PC_DINT[5].4"
COMMENT,,PLC_To_PC_DINT,"Door 2 Open",,"PLC_To_PC_DINT[5].5"
COMMENT,,PLC_To_PC_DINT,"Door 3 Open",,"PLC_To_PC_DINT[5].6"
COMMENT,,PLC_To_PC_DINT,"Door 4 Open",,"PLC_To_PC_DINT[5].7"
COMMENT,,PLC_To_PC_DINT,"Upstack Running",,"PLC_To_PC_DINT[10].0"
COMMENT,,PLC_To_PC_DINT,"Upstack Fault",,"PLC_To_PC_DINT[10].1"
COMMENT,,PLC_To_PC_DINT,"Upstack Com Fault",,"PLC_To_PC_DINT[10].2"
COMMENT,,PLC_To_PC_DINT,"Upstack Jam",,"PLC_To_PC_DINT[10].3"
COMMENT,,PLC_To_PC_DINT,"Request to Pick Signal From PLC",,"PLC_To_PC_DINT[10].5"
COMMENT,,PLC_To_PC_DINT,"Request to Move Layer Signal from PLC",,"PLC_To_PC_DINT[10].6"
COMMENT,,PLC_To_PC_DINT,"RtoUS_PickConfirm",,"PLC_To_PC_DINT[10].7"
COMMENT,,PLC_To_PC_DINT,"RtoUS_LayerMovedConfirm",,"PLC_To_PC_DINT[10].8"
COMMENT,,PLC_To_PC_DINT,"Downstack Running",,"PLC_To_PC_DINT[11].0"
COMMENT,,PLC_To_PC_DINT,"Downstack Fault",,"PLC_To_PC_DINT[11].1"
COMMENT,,PLC_To_PC_DINT,"Downstack Com Fault",,"PLC_To_PC_DINT[11].2"
COMMENT,,PLC_To_PC_DINT,"Downstack Jam",,"PLC_To_PC_DINT[11].3"
COMMENT,,PLC_To_PC_DINT,"DstoR_OpenLocation",,"PLC_To_PC_DINT[11].5"
COMMENT,,PLC_To_PC_DINT,"DStoR_Place in Tray",,"PLC_To_PC_DINT[11].6"
COMMENT,,PLC_To_PC_DINT,"DStoR_Place in Shoot",,"PLC_To_PC_DINT[11].7"
COMMENT,,PLC_To_PC_DINT,"RtoDS_PlacedConfirm",,"PLC_To_PC_DINT[11].8"
COMMENT,,PLC_To_PC_DINT,"Downstack Jam",,"PLC_To_PC_DINT[11].13"
COMMENT,,PLC_To_PC_DINT,"Cognex Ready",,"PLC_To_PC_DINT[12].0"
COMMENT,,PLC_To_PC_DINT,"Cognex Com Fault",,"PLC_To_PC_DINT[12].1"
COMMENT,,PLC_To_PC_DINT,"Laser Ready",,"PLC_To_PC_DINT[13].0"
COMMENT,,PLC_To_PC_DINT,"Laser Fault",,"PLC_To_PC_DINT[13].1"
COMMENT,,PLC_To_PC_DINT,"Laser Running",,"PLC_To_PC_DINT[13].2"
COMMENT,,PLC_To_PC_DINT,"Hood Raised",,"PLC_To_PC_DINT[13].3"
COMMENT,,PLC_To_PC_DINT,"Hood Lowered",,"PLC_To_PC_DINT[13].4"
COMMENT,,PLC_To_PC_DINT,"Docking Station Locked",,"PLC_To_PC_DINT[13].5"
COMMENT,,PLC_To_PC_DINT,"Docking station SOL extended",,"PLC_To_PC_DINT[13].6"
COMMENT,,PLC_To_PC_DINT,"Docking station SOL retracted",,"PLC_To_PC_DINT[13].7"
COMMENT,,PLC_To_PC_DINT,"Keyence Camera Ready",,"PLC_To_PC_DINT[13].8"
COMMENT,,PLC_To_PC_DINT,"Keyence Camera Com Fault",,"PLC_To_PC_DINT[13].9"
COMMENT,,PLC_To_PC_DINT,"VFD Motor Fault",,"PLC_To_PC_DINT[13].10"
COMMENT,,PLC_To_PC_DINT,"VFD Running",,"PLC_To_PC_DINT[13].11"
COMMENT,,PLC_To_PC_DINT,"VFD Com Fault",,"PLC_To_PC_DINT[13].12"
COMMENT,,PLC_To_PC_DINT,"TTtoR_ReqToPickGood",,"PLC_To_PC_DINT[13].14"
COMMENT,,PLC_To_PC_DINT,"TTtoR_ReqToPickBad",,"PLC_To_PC_DINT[13].15"
COMMENT,,PLC_To_PC_DINT,"TT Station 1 Inside Part Present",,"PLC_To_PC_DINT[13].16"
COMMENT,,PLC_To_PC_DINT,"TT Station 1 Outside Part Present",,"PLC_To_PC_DINT[13].17"
COMMENT,,PLC_To_PC_DINT,"TT Station 2 Inside Part Present",,"PLC_To_PC_DINT[13].18"
COMMENT,,PLC_To_PC_DINT,"TT Station 2 Outside Part Present",,"PLC_To_PC_DINT[13].19"
COMMENT,,PLC_To_PC_DINT,"TT Station 3 Inside Part Present",,"PLC_To_PC_DINT[13].20"
COMMENT,,PLC_To_PC_DINT,"TT Station 3 Outside Part Present",,"PLC_To_PC_DINT[13].21"
COMMENT,,PLC_To_PC_DINT,"TT Station 4 Inside Part Present",,"PLC_To_PC_DINT[13].22"
COMMENT,,PLC_To_PC_DINT,"TT Station 4 Outside Part Present",,"PLC_To_PC_DINT[13].23"
COMMENT,,PLC_To_PC_DINT,"TT Station 4 Good Inside Part",,"PLC_To_PC_DINT[13].24"
COMMENT,,PLC_To_PC_DINT,"TT Station 4 Good Outside Part",,"PLC_To_PC_DINT[13].25"
COMMENT,,PLC_To_PC_DINT,"TTtoR_TurnTableCycle",,"PLC_To_PC_DINT[13].26"
COMMENT,,PLC_To_PC_DINT,"AENTR Com Fault",,"PLC_To_PC_DINT[13].27"
COMMENT,,PLC_To_PC_DINT,"Laser Com Fault",,"PLC_To_PC_DINT[13].28"
COMMENT,,PLC_To_PC_DINT,"Drawer Present",,"PLC_To_PC_DINT[14].0"
COMMENT,,PLC_To_PC_DINT,"Drawer Full",,"PLC_To_PC_DINT[14].1"
COMMENT,,PLC_To_PC_DINT,"Upstack Current Layer",,"PLC_To_PC_DINT[50]"
COMMENT,,PLC_To_PC_DINT,"Upstack Colum Location",,"PLC_To_PC_DINT[51]"
COMMENT,,PLC_To_PC_DINT,"Upstack Row Location",,"PLC_To_PC_DINT[52]"
COMMENT,,PLC_To_PC_DINT,"Downstack Current Layer",,"PLC_To_PC_DINT[53]"
COMMENT,,PLC_To_PC_DINT,"Downstack Colum Location",,"PLC_To_PC_DINT[54]"
COMMENT,,PLC_To_PC_DINT,"Downstack Row Location",,"PLC_To_PC_DINT[55]"
TAG,,PositionCompleteONS,"","BOOL","","(Class := Standard, RADIX := Decimal, Constant := false, ExternalAccess := Read/Write)"
TAG,,PosLim,"","DINT","","(Class := Standard, RADIX := Decimal, Constant := false, ExternalAccess := Read/Write)"
TAG,,POWER_OK_24VA,"","BOOL","","(Class := Standard, RADIX := Decimal, Constant := false, ExternalAccess := Read/Write)"
TAG,,POWER_OK_24VB,"","BOOL","","(Class := Standard, RADIX := Decimal, Constant := false, ExternalAccess := Read/Write)"
TAG,,POWER_OK_24VC,"","BOOL","","(Class := Standard, RADIX := Decimal, Constant := false, ExternalAccess := Read/Write)"
TAG,,POWER_TMR_24VB,"","TIMER","","(Class := Standard, Constant := false, ExternalAccess := Read/Write)"
TAG,,POWER_TMR_24VC,"","TIMER","","(Class := Standard, Constant := false, ExternalAccess := Read/Write)"
TAG,,Program_Change_Complete,"","BOOL","","(Class := Standard, RADIX := Decimal, Constant := false, ExternalAccess := Read/Write)"
TAG,,PRS23I0200,"PRS23I0200, TURNTABLE INDEXED, PLC25 (Point I/O Rack-1 Slot-2), I0200","BOOL","","(Class := Standard, RADIX := Decimal, Constant := false, ExternalAccess := Read/Write)"
ALIAS,,PRX102,"PRX102, HOOD RAISED, PLC03 (Point I/O Rack-1 Slot-1), I0102","","COMM2104:1:I.2","(RADIX := Decimal, ExternalAccess := Read/Write)"
ALIAS,,PRX103,"PRX103, HOOD LOWERED, PLC03 (Point I/O Rack-1 Slot-1), I0103","","COMM2104:1:I.3","(RADIX := Decimal, ExternalAccess := Read/Write)"
ALIAS,,PRX200,"PRX200, TURNTABLE INDEXED, PLC25 (Point I/O Rack-1 Slot-2), I0200","","COMM2104:2:I.0","(RADIX := Decimal, ExternalAccess := Read/Write)"
ALIAS,,PRX301,"PRX301, UPSTACKER HOME, PLC1302 (Slot-3), I0301","","Local:3:I.Data.1","(RADIX := Decimal, ExternalAccess := Read/Write)"
ALIAS,,PRX309,"PRX309, DOWNSTACKER HOME, PLC1302 (Slot-3), I0309","","Local:3:I.Data.9","(RADIX := Decimal, ExternalAccess := Read/Write)"
ALIAS,,PRX315,"PRX315, BIN PRESENT PROX, PLC1302 (Slot-3), I0315","","Local:3:I.Data.15","(RADIX := Decimal, ExternalAccess := Read/Write)"
TAG,,Pulse1000c,"","Pulse","","(Class := Standard, Constant := false, ExternalAccess := Read/Write)"
TAG,,Pulse150c,"","Pulse","","(Class := Standard, Constant := false, ExternalAccess := Read/Write)"
TAG,,Pulse2000c,"","Pulse","","(Class := Standard, Constant := false, ExternalAccess := Read/Write)"
TAG,,Pulse500c,"","Pulse","","(Class := Standard, Constant := false, ExternalAccess := Read/Write)"
TAG,,Pulse750c,"","Pulse","","(Class := Standard, Constant := false, ExternalAccess := Read/Write)"
TAG,,Pulse_1000,"","BOOL","","(Class := Standard, RADIX := Decimal, Constant := false, ExternalAccess := Read/Write)"
TAG,,Pulse_150,"","BOOL","","(Class := Standard, RADIX := Decimal, Constant := false, ExternalAccess := Read/Write)"
TAG,,Pulse_2000,"","BOOL","","(Class := Standard, RADIX := Decimal, Constant := false, ExternalAccess := Read/Write)"
TAG,,Pulse_500,"","BOOL","","(Class := Standard, RADIX := Decimal, Constant := false, ExternalAccess := Read/Write)"
TAG,,Pulse_750,"","BOOL","","(Class := Standard, RADIX := Decimal, Constant := false, ExternalAccess := Read/Write)"
TAG,,Reset_Error,"","BOOL","","(Class := Standard, RADIX := Decimal, Constant := false, ExternalAccess := Read/Write)"
TAG,,Reset_Hold_TMR,"","TIMER","","(Class := Standard, Constant := false, ExternalAccess := Read/Write)"
TAG,,Reset_Hold_TMR2,"","TIMER","","(Class := Standard, Constant := false, ExternalAccess := Read/Write)"
TAG,,RobotBlank_StatusCode,"","DINT","","(Class := Standard, RADIX := Decimal, Constant := false, ExternalAccess := Read/Write)"
ALIAS,,RobotCell_Error,"RobotCell_Error, An error was trigger in the robot, may required reset button, (Robot To PLC Ethernet IP Comms)","","Station100_Robot:I.Data[4].5","(RADIX := Decimal, ExternalAccess := Read/Write)"
TAG,,RobotEXTstartONS,"","DINT","","(Class := Standard, RADIX := Decimal, Constant := false, ExternalAccess := Read/Write)"
TAG,,RobotFinished_StatusCode,"","DINT","","(Class := Standard, RADIX := Decimal, Constant := false, ExternalAccess := Read/Write)"
TAG,,Robot_Auto,"","UDT_Routine_Control","","(Class := Standard, Constant := false, ExternalAccess := Read/Write)"
TAG,,Robot_Bad_Part_Unload_Request,"","BOOL","","(Class := Standard, RADIX := Decimal, Constant := false, ExternalAccess := Read/Write)"
TAG,,Robot_Blank_Side_Part_Data,"","Part_Data","","(Class := Standard, Constant := false, ExternalAccess := Read/Write)"
TAG,,Robot_Clear_Of_Indexer,"","BOOL","","(Class := Standard, RADIX := Decimal, Constant := false, ExternalAccess := Read/Write)"
TAG,,Robot_Cmd_Param1,"Tray row, or reject selector on routine 90.","DINT","","(Class := Standard, RADIX := Decimal, Constant := false, ExternalAccess := Read/Write)"
TAG,,Robot_Cmd_Param2,"Tray column.","DINT","","(Class := Standard, RADIX := Decimal, Constant := false, ExternalAccess := Read/Write)"
TAG,,Robot_Cmd_Param3,"Sequence number for part A.","DINT","","(Class := Standard, RADIX := Decimal, Constant := false, ExternalAccess := Read/Write)"
TAG,,Robot_Cmd_Param4,"Sequence number for part B.","DINT","","(Class := Standard, RADIX := Decimal, Constant := false, ExternalAccess := Read/Write)"
TAG,,Robot_Cmd_RetryLimit,"","DINT","","(Class := Standard, RADIX := Decimal, Constant := false, ExternalAccess := Read/Write)"
TAG,,Robot_Cmd_RoutineID,"Routine the robot is commanded to run. 0 = none.","DINT","","(Class := Standard, RADIX := Decimal, Constant := false, ExternalAccess := Read/Write)"
TAG,,Robot_Cmd_Seq,"Increments on every new command so a repeat of the same routine ID is still a new command.","DINT","","(Class := Standard, RADIX := Decimal, Constant := false, ExternalAccess := Read/Write)"
TAG,,Robot_Faulted,"","BOOL","","(Class := Standard, RADIX := Decimal, Constant := false, ExternalAccess := Read/Write)"
TAG,,Robot_Finished_Side_Part_Data,"","Part_Data","","(Class := Standard, Constant := false, ExternalAccess := Read/Write)"
TAG,,Robot_Good_Part_Unload_Request,"","BOOL","","(Class := Standard, RADIX := Decimal, Constant := false, ExternalAccess := Read/Write)"
TAG,,Robot_LoadUnload_Imm_Parts,"","BOOL","","(Class := Standard, RADIX := Decimal, Constant := false, ExternalAccess := Read/Write)"
TAG,,Robot_Load_New_Part,"","BOOL","","(Class := Standard, RADIX := Decimal, Constant := false, ExternalAccess := Read/Write)"
TAG,,Robot_Part_Data,"","Part_Data[2]","","(Class := Standard, Constant := false, ExternalAccess := Read/Write)"
TAG,,Robot_Placed_Confirm,"","BOOL","","(Class := Standard, RADIX := Decimal, Constant := false, ExternalAccess := Read/Write)"
TAG,,Robot_StatusCode,"","DINT","","(Class := Standard, RADIX := Decimal, Constant := false, ExternalAccess := Read/Write)"
TAG,,Robot_Stopped,"","BOOL","","(Class := Standard, RADIX := Decimal, Constant := false, ExternalAccess := Read/Write)"
TAG,,Robot_Stop_Request,"","BOOL","","(Class := Standard, RADIX := Decimal, Constant := false, ExternalAccess := Read/Write)"
TAG,,Robot_Sts_AckSeq,"Echo of Robot_Cmd_Seq. Command is latched when this matches.","DINT","","(Class := Standard, RADIX := Decimal, Constant := false, ExternalAccess := Read/Write)"
TAG,,Robot_Sts_FaultCode,"0 when not faulted.","DINT","","(Class := Standard, RADIX := Decimal, Constant := false, ExternalAccess := Read/Write)"
TAG,,Robot_Sts_RetryCount,"","DINT","","(Class := Standard, RADIX := Decimal, Constant := false, ExternalAccess := Read/Write)"
TAG,,Robot_Sts_RoutineID,"Routine running, or the one just completed or faulted.","DINT","","(Class := Standard, RADIX := Decimal, Constant := false, ExternalAccess := Read/Write)"
TAG,,Robot_Sts_State,"0 idle, 1 running, 2 complete, 3 faulted, 4 held. HELD, not pulsed.","DINT","","(Class := Standard, RADIX := Decimal, Constant := false, ExternalAccess := Read/Write)"
TAG,,Robot_Sts_SubStep,"","DINT","","(Class := Standard, RADIX := Decimal, Constant := false, ExternalAccess := Read/Write)"
TAG,,Robot_Transfer_Trays,"","BOOL","","(Class := Standard, RADIX := Decimal, Constant := false, ExternalAccess := Read/Write)"
TAG,,Robot_Unload_Good_Part,"","BOOL","","(Class := Standard, RADIX := Decimal, Constant := false, ExternalAccess := Read/Write)"
TAG,,Rob_Blow_Blank_A,"","BUTTON_FUNCTION","","(Class := Standard, Constant := false, ExternalAccess := Read/Write)"
TAG,,Rob_Blow_Blank_B,"","BUTTON_FUNCTION","","(Class := Standard, Constant := false, ExternalAccess := Read/Write)"
TAG,,Rob_Blow_Finished_A,"","BUTTON_FUNCTION","","(Class := Standard, Constant := false, ExternalAccess := Read/Write)"
TAG,,Rob_Blow_Finished_B,"","BUTTON_FUNCTION","","(Class := Standard, Constant := false, ExternalAccess := Read/Write)"
TAG,,Rob_Gripper_Close,"","BUTTON_FUNCTION","","(Class := Standard, Constant := false, ExternalAccess := Read/Write)"
TAG,,Rob_Gripper_Open,"","BUTTON_FUNCTION","","(Class := Standard, Constant := false, ExternalAccess := Read/Write)"
TAG,,Rob_Permit_Gripper,"","BOOL","","(Class := Standard, RADIX := Decimal, Constant := false, ExternalAccess := Read/Write)"
TAG,,Rob_Permit_Vac_A_Blank,"","BOOL","","(Class := Standard, RADIX := Decimal, Constant := false, ExternalAccess := Read/Write)"
TAG,,Rob_Permit_Vac_A_Finished,"","BOOL","","(Class := Standard, RADIX := Decimal, Constant := false, ExternalAccess := Read/Write)"
TAG,,Rob_Permit_Vac_B_Blank,"","BOOL","","(Class := Standard, RADIX := Decimal, Constant := false, ExternalAccess := Read/Write)"
TAG,,Rob_Vac_Blank_A,"","BUTTON_FUNCTION","","(Class := Standard, Constant := false, ExternalAccess := Read/Write)"
TAG,,Rob_Vac_Blank_B,"","BUTTON_FUNCTION","","(Class := Standard, Constant := false, ExternalAccess := Read/Write)"
TAG,,Rob_Vac_Finished_A,"","BUTTON_FUNCTION","","(Class := Standard, Constant := false, ExternalAccess := Read/Write)"
TAG,,Rob_Vac_Finished_B,"","BUTTON_FUNCTION","","(Class := Standard, Constant := false, ExternalAccess := Read/Write)"
ALIAS,,RtoDS_PickConfirm,"RtoDS_PickConfirm, Robot To Down Stacker, Robot has picked parts from tray, (Robot To PLC Ethernet IP Comms)$N","","Station100_Robot:I.Data[5].5","(RADIX := Decimal, ExternalAccess := Read/Write)"
ALIAS,,RtoDS_PickErrorVG528,"RtoDS_PickErrorVG528, Robot to Down Stacker, Pick failed Vacuum Sensor VG528, (Robot To PLC Ethernet IP Comms)","","Station100_Robot:I.Data[4].3","(RADIX := Decimal, ExternalAccess := Read/Write)"
ALIAS,,RtoDS_PickErrorVG530,"RtoDS_PickErrorVG530, Robot to Down Stacker, Pick failed Vacuum Sensor VG530, (Robot To PLC Ethernet IP Comms)","","Station100_Robot:I.Data[4].4","(RADIX := Decimal, ExternalAccess := Read/Write)"
ALIAS,,RtoDS_PlacedConfirm,"RtoDS_PlacedConfirm, Robot To Down Stacker, Robot has placed parts on tray, (Robot To PLC Ethernet IP Comms)","","Station100_Robot:I.Data[2].0","(RADIX := Decimal, ExternalAccess := Read/Write)"
TAG,,RtoDS_PlaceSeqNumber,"RtoDS_PlaceSeqNumber, Robot To Down Stacker, Sequence number to identify set of parts, (Robot To PLC Ethernet IP Comms)","DINT","","(Class := Standard, RADIX := Decimal, Constant := false, ExternalAccess := Read/Write)"
ALIAS,,RtoIMM_MoldAreaFree,"RtoIMM_MoldAreaFree, Robot to Injection molding machine, mold area is free of the robot , (Robot To PLC Ethernet IP Comms)","","Station100_Robot:I.Data[2].1","(RADIX := Decimal, ExternalAccess := Read/Write)"
ALIAS,,RtoIMM_MoldCloseEnable,"RtoIMM_MoldCloseEnable, Robot to Injection molding machine, IMM can close the mold , (Robot To PLC Ethernet IP Comms)","","Station100_Robot:I.Data[2].2","(RADIX := Decimal, ExternalAccess := Read/Write)"
ALIAS,,RtoIMM_MoldCorePL1Pos1,"RtoIMM_MoldCorePL1Pos1, Robot to Injection molding machine, IMM needs to move core puller 1 to position 1, (Robot To PLC Ethernet IP Comms)","","Station100_Robot:I.Data[2].7","(RADIX := Decimal, ExternalAccess := Read/Write)"
ALIAS,,RtoIMM_MoldCorePL1Pos2,"RtoIMM_MoldCorePL1Pos2, Robot to Injection molding machine, IMM needs to move core puller 1 to position 2, (Robot To PLC Ethernet IP Comms)","","Station100_Robot:I.Data[3].0","(RADIX := Decimal, ExternalAccess := Read/Write)"
ALIAS,,RtoIMM_MoldCorePL2Pos1,"RtoIMM_MoldCorePL2Pos1, Robot to Injection molding machine, IMM needs to move core puller 2 to position 1, (Robot To PLC Ethernet IP Comms)","","Station100_Robot:I.Data[3].1","(RADIX := Decimal, ExternalAccess := Read/Write)"
ALIAS,,RtoIMM_MoldCorePL2Pos2,"RtoIMM_MoldCorePL2Pos2, Robot to Injection molding machine, IMM needs to move core puller 2 to position 2, (Robot To PLC Ethernet IP Comms)","","Station100_Robot:I.Data[3].2","(RADIX := Decimal, ExternalAccess := Read/Write)"
ALIAS,,RtoIMM_MoldEjectBack,"RtoIMM_MoldEjectBack, Robot to Injection molding machine, IMM needs to move ejector backward, (Robot To PLC Ethernet IP Comms)","","Station100_Robot:I.Data[2].5","(RADIX := Decimal, ExternalAccess := Read/Write)"
ALIAS,,RtoIMM_MoldEjectFrw,"RtoIMM_MoldEjectFrw, Robot to Injection molding machine, IMM needs to move ejector Forward, (Robot To PLC Ethernet IP Comms)","","Station100_Robot:I.Data[2].6","(RADIX := Decimal, ExternalAccess := Read/Write)"
ALIAS,,RtoIMM_MoldOpenEnable,"RtoIMM_MoldOpenEnable, Robot to Injection molding machine, IMM can Open the mold all the way , (Robot To PLC Ethernet IP Comms)","","Station100_Robot:I.Data[2].3","(RADIX := Decimal, ExternalAccess := Read/Write)"
ALIAS,,RtoIMM_PickErrorVG528,"RtoIMM_PickErrorVG528, Robot toInjection Molding Machine, Pick failed Vacuum Sensor VG528, (Robot To PLC Ethernet IP Comms)","","Station100_Robot:I.Data[3].7","(RADIX := Decimal, ExternalAccess := Read/Write)"
ALIAS,,RtoIMM_PickErrorVG530,"RtoIMM_PickErrorVG530, Robot toInjection Molding Machine, Pick failed Vacuum Sensor VG530, (Robot To PLC Ethernet IP Comms)","","Station100_Robot:I.Data[4].0","(RADIX := Decimal, ExternalAccess := Read/Write)"
ALIAS,,RtoIMM_PlaceErrorVG524,"RtoIMM_PlaceErrorVG524, Robot to Injection Molding Machine, Place failed Vacuum Sensor VG524, (Robot To PLC Ethernet IP Comms)","","Station100_Robot:I.Data[4].6","(RADIX := Decimal, ExternalAccess := Read/Write)"
ALIAS,,RtoIMM_PlaceErrorVG526,"RtoIMM_PlaceErrorVG526, Robot to Injection Molding Machine, Place failed Vacuum Sensor VG526, (Robot To PLC Ethernet IP Comms)","","Station100_Robot:I.Data[4].7","(RADIX := Decimal, ExternalAccess := Read/Write)"
ALIAS,,RtoIMM_RobotWithIMM,"RtoIMM_RobotWithIMM, Robot to Injection molding machine, Robot is not in operation with the injection molding machine, (Robot To PLC Ethernet IP Comms)","","Station100_Robot:I.Data[2].4","(RADIX := Decimal, ExternalAccess := Read/Write)"
TAG,,RtoIMM_SeqNumber,"RtoIMM_SeqNumber, Robot To Injection Molding Machine, Sequence number to identify set of parts, (Robot To PLC Ethernet IP Comms)","DINT","","(Class := Standard, RADIX := Decimal, Constant := false, ExternalAccess := Read/Write)"
ALIAS,,RtoPLC_BlankCupABlow,"RtoPLC_BlankCupABlow, VG524 Vacuum Gen 1 Return Valve, ROBOT TOOL BOTTLE BLANK TION CUP A BLOW OFF , (Robot To PLC Ethernet IP Comms)","","Station100_Robot:I.Data[0].3","(RADIX := Decimal, ExternalAccess := Read/Write)"
ALIAS,,RtoPLC_BlankCupAVac,"RtoPLC_BlankCupAVac, VG524 Vacuum Gen 1 Supply Valve, ROBOT TOOL BOTTLE BLANK TION CUP A TION, (Robot To PLC Ethernet IP Comms)","","Station100_Robot:I.Data[0].2","(RADIX := Decimal, ExternalAccess := Read/Write)"
ALIAS,,RtoPLC_BlankCupBBlow,"RtoPLC_BlankCupBBlow, VG526 Vacuum Generator 2 Return Valve, ROBOT TOOL BOTTLE BLANK TION CUP B BLOW OFF , (Robot To PLC Ethernet IP Comms)","","Station100_Robot:I.Data[0].5","(RADIX := Decimal, ExternalAccess := Read/Write)"
ALIAS,,RtoPLC_BlankCupBVac,"RtoPLC_BlankCupBVac, VG526 Vacuum Generator 2 Supply Valve, ROBOT TOOL BOTTLE BLANK TION CUP B TION, (Robot To PLC Ethernet IP Comms)","","Station100_Robot:I.Data[0].4","(RADIX := Decimal, ExternalAccess := Read/Write)"
ALIAS,,RtoPLC_DrawerIsFullWarn,"RtoPLC_DrawerIsFullWarn, Robot to PLC, Reject drawer is full, (Robot To PLC Ethernet IP Comms)","","Station100_Robot:I.Data[7].0","(RADIX := Decimal, ExternalAccess := Read/Write)"
ALIAS,,RtoPLC_DrawerIsOutFault,"RtoPLC_DrawerIsOutFault, Robot to PLC, Reject drawer is not inserted, (Robot To PLC Ethernet IP Comms)","","Station100_Robot:I.Data[7].1","(RADIX := Decimal, ExternalAccess := Read/Write)"
ALIAS,,RtoPLC_FinishCupABlow,"RtoPLC_FinishCupABlow, VG528 Vacuum Gen 1 Return Valve, ROBOT TOOL BOTTLE FINISHED TION CUP A BLOW OFF , (Robot To PLC Ethernet IP Comms)","","Station100_Robot:I.Data[0].7","(RADIX := Decimal, ExternalAccess := Read/Write)"
ALIAS,,RtoPLC_FinishCupAVac,"RtoPLC_FinishCupAVac, VG528 Vacuum Gen 1 Supply Valve, ROBOT TOOL BOTTLE FINISHED TION CUP A TION, (Robot To PLC Ethernet IP Comms)","","Station100_Robot:I.Data[0].6","(RADIX := Decimal, ExternalAccess := Read/Write)"
ALIAS,,RtoPLC_FinishCupBBlow,"RtoPLC_FinishCupBBlow, VG530 Vacuum Generator 2 Return Valve, ROBOT TOOL BOTTLE FINISHED TION CUP B BLOW OFF , (Robot To PLC Ethernet IP Comms)","","Station100_Robot:I.Data[1].1","(RADIX := Decimal, ExternalAccess := Read/Write)"
ALIAS,,RtoPLC_FinishCupBVac,"RtoPLC_FinishCupBVac, VG530 Vacuum Generator 2 Supply Valve, ROBOT TOOL BOTTLE FINISHED TION CUP B TION, (Robot To PLC Ethernet IP Comms)","","Station100_Robot:I.Data[1].0","(RADIX := Decimal, ExternalAccess := Read/Write)"
ALIAS,,RtoPLC_FinishGripClose,"RtoPLC_FinishGripClose, SOL542A EOAT Close Gripper Valve, ROBOT TOOL BOTTLE FINISHED, (Robot To PLC Ethernet IP Comms)","","Station100_Robot:I.Data[1].2","(RADIX := Decimal, ExternalAccess := Read/Write)"
ALIAS,,RtoPLC_FinishGripOpen,"RtoPLC_FinishGripOpen, SOL542B EOAT Open Gripper Valve, ROBOT TOOL BOTTLE FINISHED, (Robot To PLC Ethernet IP Comms)","","Station100_Robot:I.Data[1].3","(RADIX := Decimal, ExternalAccess := Read/Write)"
ALIAS,,RtoPLC_InAUT,"RtoPLC_InAUT, Robot to PLC, Robot is in Auto  mode, (Robot To PLC Ethernet IP Comms)$N","","Station100_Robot:I.Data[6].5","(RADIX := Decimal, ExternalAccess := Read/Write)"
ALIAS,,RtoPLC_InAuto,"RtoPLC_InAuto, Robot to PLC Auto mode, (Robot To PLC Ethernet IP Comms)$N","","Station100_Robot:I.Data[6].2","(RADIX := Decimal, ExternalAccess := Read/Write)"
ALIAS,,RtoPLC_InEX,"RtoPLC_InEX, Robot to PLC, Robot is in External Auto  mode, (Robot To PLC Ethernet IP Comms)$N","","Station100_Robot:I.Data[6].6","(RADIX := Decimal, ExternalAccess := Read/Write)"
ALIAS,,RtoPLC_InManual,"RtoPLC_InManual, Robot to PLC manual mode, (Robot To PLC Ethernet IP Comms)$N","","Station100_Robot:I.Data[6].1","(RADIX := Decimal, ExternalAccess := Read/Write)"
ALIAS,,RtoPLC_InT1,"RtoPLC_InT1, Robot to PLC, Robot is in teach 1 mode, (Robot To PLC Ethernet IP Comms)$N","","Station100_Robot:I.Data[6].3","(RADIX := Decimal, ExternalAccess := Read/Write)"
ALIAS,,RtoPLC_InT2,"RtoPLC_InT2, Robot to PLC, Robot is in teach 2 mode, (Robot To PLC Ethernet IP Comms)$N","","Station100_Robot:I.Data[6].4","(RADIX := Decimal, ExternalAccess := Read/Write)"
ALIAS,,RtoPLC_PeriRdy,"RtoPLC_PeriRdy, Robot to PLC, (Robot To PLC Ethernet IP Comms)$N","","Station100_Robot:I.Data[7].3","(RADIX := Decimal, ExternalAccess := Read/Write)"
ALIAS,,RtoPLC_RobotReachedStop,"RtoPLC_RobotReachedStop, Robot to PLC, Robot has reached position for stopping program, (Robot To PLC Ethernet IP Comms)$N","","Station100_Robot:I.Data[6].7","(RADIX := Decimal, ExternalAccess := Read/Write)"
ALIAS,,RtoPLC_SprueCut1,"RtoPLC_SprueCut1, CUTTER SOLENOID #1, (Robot To PLC Ethernet IP Comms)","","Station100_Robot:I.Data[0].0","(RADIX := Decimal, ExternalAccess := Read/Write)"
ALIAS,,RtoPLC_SprueCut2,"RtoPLC_SprueCut2, CUTTER SOLENOID #2, (Robot To PLC Ethernet IP Comms)","","Station100_Robot:I.Data[0].1","(RADIX := Decimal, ExternalAccess := Read/Write)"
ALIAS,,RtoPLC_Started,"RtoPLC_Started, Robot to PLC, start run, (Robot To PLC Ethernet IP Comms)","","Station100_Robot:I.Data[5].7","(RADIX := Decimal, ExternalAccess := Read/Write)"
ALIAS,,RtoPLC_Stoped,"RtoPLC_Stoped, Robot to PLC Stop run, (Robot To PLC Ethernet IP Comms)$N","","Station100_Robot:I.Data[6].0","(RADIX := Decimal, ExternalAccess := Read/Write)"
ALIAS,,RtoPLC_StopMess,"RtoPLC_StopMess, Robot to PLC, (Robot To PLC Ethernet IP Comms)$N","","Station100_Robot:I.Data[7].2","(RADIX := Decimal, ExternalAccess := Read/Write)"
ALIAS,,RtoPLC_ToolBlnkHasParts,"RtoPLC_ToolBlnkHasParts,_Robot_To_PLC,_End_of_arm_tool_blank_side_is_holding_parts,_Robot_To_PLC_Ethernet_IP_Comms","","Station100_Robot:I.Data[3].3","(RADIX := Decimal, ExternalAccess := Read/Write)"
ALIAS,,RtoPLC_ToolBlnkMrked,"RtoPLC_ToolBlnkMrked, Robot To PLC, End of arm tool (blank side) is holding marked Parts, (Robot To PLC Ethernet IP Comms)$N","","Station100_Robot:I.Data[5].4","(RADIX := Decimal, ExternalAccess := Read/Write)"
TAG,,RtoPLC_ToolBlnkSeqNumber,"RtoPLC_ToolBlnkSeqNumber, Robot To PLC, End of arm tool (blank side) Sequence number to identify set of parts being held, (Robot To PLC Ethernet IP Comms)","DINT","","(Class := Standard, RADIX := Decimal, Constant := false, ExternalAccess := Read/Write)"
ALIAS,,RtoPLC_ToolFinHasParts,"RtoPLC_ToolFinHasParts, Robot To PLC, End of arm tool (finished side) is holding parts, (Robot To PLC Ethernet IP Comms)$N","","Station100_Robot:I.Data[3].4","(RADIX := Decimal, ExternalAccess := Read/Write)"
ALIAS,,RtoPLC_ToolFinReject,"RtoPLC_ToolFinReject, Robot To PLC, End of arm tool (finished side) must reject parts it$'s holding, (Robot To PLC Ethernet IP Comms)$N","","Station100_Robot:I.Data[5].3","(RADIX := Decimal, ExternalAccess := Read/Write)"
TAG,,RtoPLC_ToolFinSeqNumber,"RtoPLC_ToolFinSeqNumber, Robot To PLC, End of arm tool (finished side) Last sequence number to identify set of parts being held , (Robot To PLC Ethernet IP Comms)","DINT","","(Class := Standard, RADIX := Decimal, Constant := false, ExternalAccess := Read/Write)"
ALIAS,,RtoTT_PickConfirm,"RtoTT_PickConfirm, Robot To Turn Table, Robot has picked parts from turn table, (Robot To PLC Ethernet IP Comms)","","Station100_Robot:I.Data[1].7","(RADIX := Decimal, ExternalAccess := Read/Write)"
ALIAS,,RtoTT_PickErrorVG524,"RtoTT_PickErrorVG524, Robot to Turn Table, Pick failed Vacuum Sensor VG524, (Robot To PLC Ethernet IP Comms)","","Station100_Robot:I.Data[4].1","(RADIX := Decimal, ExternalAccess := Read/Write)"
ALIAS,,RtoTT_PickErrorVG526,"RtoTT_PickErrorVG526, Robot to Turn Table, Pick failed Vacuum Sensor VG526, (Robot To PLC Ethernet IP Comms)","","Station100_Robot:I.Data[4].2","(RADIX := Decimal, ExternalAccess := Read/Write)"
ALIAS,,RtoTT_PlacedConfirm,"RtoTT_PlacedConfirm, Robot To Turn Table, Robot has placed parts on turn table, (Robot To PLC Ethernet IP Comms)","","Station100_Robot:I.Data[1].6","(RADIX := Decimal, ExternalAccess := Read/Write)"
TAG,,RtoTT_PlaceSeqNumber,"RtoTT_PlaceSeqNumber, Robot To Turn Table, Sequence number to identify set of parts, (Robot To PLC Ethernet IP Comms)","DINT","","(Class := Standard, RADIX := Decimal, Constant := false, ExternalAccess := Read/Write)"
ALIAS,,RtoUS_LayerMovedConfirm,"RtoUP_LayerMovedConfirm, Robot To Up Stacker, Robot has slid tray over to down stacker, (Robot To PLC Ethernet IP Comms)","","Station100_Robot:I.Data[1].5","(RADIX := Decimal, ExternalAccess := Read/Write)"
ALIAS,,RtoUS_PickConfirm,"RtoUP_PickConfirm, Robot To Up Stacker, Robot has picked parts from tray, (Robot To PLC Ethernet IP Comms)","","Station100_Robot:I.Data[1].4","(RADIX := Decimal, ExternalAccess := Read/Write)"
ALIAS,,RtoUS_PickErrorVG524,"RotoUS_PickErrorVG524, Robot to Up Stacker, Pick failed Vacuum Sensor VG524, (Robot To PLC Ethernet IP Comms)","","Station100_Robot:I.Data[3].5","(RADIX := Decimal, ExternalAccess := Read/Write)"
ALIAS,,RtoUS_PickErrorVG526,"RotoUS_PickErrorVG526, Robot to Up Stacker, Pick failed Vacuum Sensor VG526, (Robot To PLC Ethernet IP Comms)","","Station100_Robot:I.Data[3].6","(RADIX := Decimal, ExternalAccess := Read/Write)"
TAG,,Run_VFD,"","BOOL","","(Class := Standard, RADIX := Decimal, Constant := false, ExternalAccess := Read/Write)"
TAG,,Send_Laser_Marking_Data,"","BOOL","","(Class := Standard, RADIX := Decimal, Constant := false, ExternalAccess := Read/Write)"
TAG,,Sequence_Timeout_Timer,"","TIMER","","(Class := Standard, Constant := false, ExternalAccess := Read/Write)"
TAG,,Shutter_OK,"","BOOL","","(Class := Standard, RADIX := Decimal, Constant := false, ExternalAccess := Read/Write)"
TAG,,smtest,"","BOOL","","(Class := Standard, RADIX := Decimal, Constant := false, ExternalAccess := Read/Write)"
TAG,,SMTEST_RRESET,"","BOOL","","(Class := Standard, RADIX := Decimal, Constant := false, ExternalAccess := Read/Write)"
TAG,,Spru_Cutter_Close,"","BUTTON_FUNCTION","","(Class := Standard, Constant := false, ExternalAccess := Read/Write)"
TAG,,Spru_Cutter_Open,"","BUTTON_FUNCTION","","(Class := Standard, Constant := false, ExternalAccess := Read/Write)"
TAG,,Spru_Cutter_Permit,"","BOOL","","(Class := Standard, RADIX := Decimal, Constant := false, ExternalAccess := Read/Write)"
TAG,,StartRobotCycle,"Starts the robot moving trays to destacker","BOOL","","(Class := Standard, RADIX := Decimal, Constant := false, ExternalAccess := Read/Write)"
TAG,,StartRobotCycleRepeatCounter,"","COUNTER","","(Class := Standard, Constant := false, ExternalAccess := Read/Write)"
TAG,,StartRobotCycleRepeatTimer,"","TIMER","","(Class := Standard, Constant := false, ExternalAccess := Read/Write)"
TAG,,StartRobotCycleRepeatTimer1,"","TIMER[2]","","(Class := Standard, Constant := false, ExternalAccess := Read/Write)"
TAG,,Start_Fume_Extraction_Auto_Req,"","BOOL","","(Class := Standard, RADIX := Decimal, Constant := false, ExternalAccess := Read/Write)"
TAG,,Station100Robot,"","System_Tags","","(Class := Standard, Constant := false, ExternalAccess := Read/Write)"
COMMENT,,Station100Robot,"Robot to Up Stacker, Pick failed Vacuum Sensor VG524",,"Station100Robot._FAULT[0]"
COMMENT,,Station100Robot,"Robot to Up Stacker, Pick failed Vacuum Sensor VG526",,"Station100Robot._FAULT[1]"
COMMENT,,Station100Robot,"Robot to Injection Molding Machine, Pick failed Vacuum Sensor VG528",,"Station100Robot._FAULT[2]"
COMMENT,,Station100Robot,"Robot to Injection Molding Machine, Pick failed Vacuum Sensor VG530",,"Station100Robot._FAULT[3]"
COMMENT,,Station100Robot,"Robot to Turn Table, Pick failed Vacuum Sensor VG524",,"Station100Robot._FAULT[4]"
COMMENT,,Station100Robot,"Robot to Turn Table, Pick failed Vacuum Sensor VG526",,"Station100Robot._FAULT[5]"
COMMENT,,Station100Robot,"Robot to Down Stacker, Pick failed Vacuum Sensor VG528",,"Station100Robot._FAULT[6]"
COMMENT,,Station100Robot,"Robot to Down Stacker, Pick failed Vacuum Sensor VG530",,"Station100Robot._FAULT[7]"
COMMENT,,Station100Robot,"Robot to Injection Molding Machine, Place failed Vacuum Sensor VG524",,"Station100Robot._FAULT[8]"
COMMENT,,Station100Robot,"Robot to Injection Molding Machine, Place failed Vacuum Sensor VG526",,"Station100Robot._FAULT[9]"
COMMENT,,Station100Robot,"Robot to Injection Molding Machine, Place failed Mold ejector not forward",,"Station100Robot._FAULT[10]"
COMMENT,,Station100Robot,"Robot to Injection Molding Machine, Place failed Mold ejector not Backward",,"Station100Robot._FAULT[11]"
COMMENT,,Station100Robot,"Molding Machine to Robot Injection ,  Mold not open",,"Station100Robot._FAULT[12]"
COMMENT,,Station100Robot,"Injection Molding Machine to Robot Injection",,"Station100Robot._FAULT[13]"
COMMENT,,Station100Robot,"RtoPLC_DrawerIsOutFault, Robot to PLC, Reject drawer is not inserted,",,"Station100Robot._FAULT[14]"
COMMENT,,Station100Robot,"An error was trigger in the robot, may required reset button",,"Station100Robot._WARNING[0]"
COMMENT,,Station100Robot,"RtoPLC_DrawerIsFullWarn, Robot to PLC, Reject drawer is full,",,"Station100Robot._WARNING[1]"
TAG,,Station1_StatusCode,"","DINT","","(Class := Standard, RADIX := Decimal, Constant := false, ExternalAccess := Read/Write)"
TAG,,Station200Upstacker,"","System_Tags","","(Class := Standard, Constant := false, ExternalAccess := Read/Write)"
TAG,,Station2_StatusCode,"","DINT","","(Class := Standard, RADIX := Decimal, Constant := false, ExternalAccess := Read/Write)"
TAG,,Station300LaserMarker,"","System_Tags","","(Class := Standard, Constant := false, ExternalAccess := Read/Write)"
TAG,,Station400IMM,"","System_Tags","","(Class := Standard, Constant := false, ExternalAccess := Read/Write)"
TAG,,Station500SprueCutter,"","System_Tags","","(Class := Standard, Constant := false, ExternalAccess := Read/Write)"
TAG,,Station600DownStacker,"","System_Tags","","(Class := Standard, Constant := false, ExternalAccess := Read/Write)"
TAG,,Stations_Data_Empty,"","BOOL","","(Class := Standard, RADIX := Decimal, Constant := false, ExternalAccess := Read/Write)"
TAG,,Station_Purge_Mode,"","BOOL","","(Class := Standard, RADIX := Decimal, Constant := false, ExternalAccess := Read/Write)"
TAG,,System,"","System_Tags","","(Class := Standard, Constant := false, ExternalAccess := Read/Write)"
TAG,,SYSTEM_ALARM_FILE,"","DINT[3]","","(Class := Standard, RADIX := Decimal, Constant := false, ExternalAccess := Read/Write)"
COMMENT,,SYSTEM_ALARM_FILE,"AENTR Com Fault",,"SYSTEM_ALARM_FILE[0].0"
COMMENT,,SYSTEM_ALARM_FILE,"MDX Laser Com Fault",,"SYSTEM_ALARM_FILE[0].1"
COMMENT,,SYSTEM_ALARM_FILE,"Weiss Com Fault",,"SYSTEM_ALARM_FILE[0].2"
TAG,,System_At_Home,"","BOOL","","(Class := Standard, RADIX := Decimal, Constant := false, ExternalAccess := Read/Write)"
TAG,,System_AutoMode,"","BOOL","","(Class := Standard, RADIX := Decimal, Constant := false, ExternalAccess := Read/Write)"
TAG,,System_Clear,"","BOOL","","(Class := Standard, RADIX := Decimal, Constant := false, ExternalAccess := Read/Write)"
TAG,,System_CycleStop_Requested,"","BOOL","","(Class := Standard, RADIX := Decimal, Constant := false, ExternalAccess := Read/Write)"
TAG,,System_Fault_Present,"","BOOL","","(Class := Standard, RADIX := Decimal, Constant := false, ExternalAccess := Read/Write)"
TAG,,System_InCycle,"","BOOL","","(Class := Standard, RADIX := Decimal, Constant := false, ExternalAccess := Read/Write)"
TAG,,System_ManualMode,"","BOOL","","(Class := Standard, RADIX := Decimal, Constant := false, ExternalAccess := Read/Write)"
TAG,,System_No_Mode,"","BOOL","","(Class := Standard, RADIX := Decimal, Constant := false, ExternalAccess := Read/Write)"
TAG,,TEST_DINT,"","DINT[5]","","(Class := Standard, RADIX := Decimal, Constant := false, ExternalAccess := Read/Write)"
TAG,,Test_Seq_Num,"","DINT","","(Class := Standard, RADIX := Decimal, Constant := false, ExternalAccess := Read/Write)"
TAG,,Tray_Transfer_Request,"","BOOL","","(Class := Standard, RADIX := Decimal, Constant := false, ExternalAccess := Read/Write)"
TAG,,Trigger_Cognex,"","BOOL","","(Class := Standard, RADIX := Decimal, Constant := false, ExternalAccess := Read/Write)"
TAG,,Trigger_IV3,"","BOOL","","(Class := Standard, RADIX := Decimal, Constant := false, ExternalAccess := Read/Write)"
TAG,,TTtoR_PickSeqNumber,"TTtoR_PickSeqNumber, Turn Table To Robot, Sequence number to identify set of parts, (PLC To Robot Ethernet IP Comms)","DINT","","(Class := Standard, RADIX := Decimal, Constant := false, ExternalAccess := Read/Write)"
ALIAS,,TTtoR_ReqToPickBad,"TTtoR_ReqToPickBad, Turn Table To Robot, Robot needs to pick finished BAD parts from turn table , (PLC To Robot Ethernet IP Comms)","","Station100_Robot:O.Data[0].7","(RADIX := Decimal, ExternalAccess := Read/Write)"
ALIAS,,TTtoR_ReqToPickGood,"TTtoR_ReqToPickGood, Turn Table To Robot, Robot needs to pick finished GOOD parts from turn table , (PLC To Robot Ethernet IP Comms)","","Station100_Robot:O.Data[1].0","(RADIX := Decimal, ExternalAccess := Read/Write)"
ALIAS,,TTtoR_ReqToPlace,"TTtoR_ReqToPlace, Turn Table To Robot, Robot needs to place parts on turn table , (PLC To Robot Ethernet IP Comms)","","Station100_Robot:O.Data[0].6","(RADIX := Decimal, ExternalAccess := Read/Write)"
ALIAS,,TTtoR_TurnTableCycle,"TTtoR_TurnTableCycle, Turn table to Robot, turn table cycle bit, (PLC To Robot Ethernet IP Comms)$N","","Station100_Robot:O.Data[4].0","(RADIX := Decimal, ExternalAccess := Read/Write)"
TAG,,TurnTable,"","Data_Item[5]","","(Class := Standard, Constant := false, ExternalAccess := Read/Write)"
TAG,,TurnTableCycleEndDelay,"","TIMER","","(Class := Standard, Constant := false, ExternalAccess := Read/Write)"
TAG,,TurnTableTurnTimer,"","TIMER","","(Class := Standard, Constant := false, ExternalAccess := Read/Write)"
TAG,,TurnTable_1_SeqNum,"","DINT","","(Class := Standard, RADIX := Decimal, Constant := false, ExternalAccess := Read/Write)"
TAG,,TurnTable_2_SeqNum,"","DINT","","(Class := Standard, RADIX := Decimal, Constant := false, ExternalAccess := Read/Write)"
TAG,,TurnTable_3_SeqNum,"","DINT","","(Class := Standard, RADIX := Decimal, Constant := false, ExternalAccess := Read/Write)"
TAG,,TurnTable_4_SeqNum,"","DINT","","(Class := Standard, RADIX := Decimal, Constant := false, ExternalAccess := Read/Write)"
TAG,,TurnTable_Move_ONS,"","BOOL","","(Class := Standard, RADIX := Decimal, Constant := false, ExternalAccess := Read/Write)"
TAG,,TurnTable_New_Seq_Num,"","BOOL","","(Class := Standard, RADIX := Decimal, Constant := false, ExternalAccess := Read/Write)"
TAG,,TurnTable_Seq_Num_Last,"","DINT","","(Class := Standard, RADIX := Decimal, Constant := false, ExternalAccess := Read/Write)"
TAG,,Turn_Table_Full,"","BOOL","","(Class := Standard, RADIX := Decimal, Constant := false, ExternalAccess := Read/Write)"
TAG,,Unlock_Doors,"","BOOL","","(Class := Standard, RADIX := Decimal, Constant := false, ExternalAccess := Read/Write)"
TAG,,UpAxis_ReadyToMove,"","BOOL","","(Class := Standard, RADIX := Decimal, Constant := false, ExternalAccess := Read/Write)"
TAG,,UpStacker_Lower,"","BUTTON_FUNCTION","","(Class := Standard, Constant := false, ExternalAccess := Read/Write)"
TAG,,UpStacker_Permit_Dn,"Allow upstacker to move down","BOOL","","(Class := Standard, RADIX := Decimal, Constant := false, ExternalAccess := Read/Write)"
TAG,,UpStacker_Permit_Up,"Allow upstacker to move up","BOOL","","(Class := Standard, RADIX := Decimal, Constant := false, ExternalAccess := Read/Write)"
TAG,,UpStacker_Raise,"","BUTTON_FUNCTION","","(Class := Standard, Constant := false, ExternalAccess := Read/Write)"
TAG,,UpStacker_Stopped,"","BOOL","","(Class := Standard, RADIX := Decimal, Constant := false, ExternalAccess := Read/Write)"
TAG,,Upstack_Column_Current,"","DINT","","(Class := Standard, RADIX := Decimal, Constant := false, ExternalAccess := Read/Write)"
TAG,,UpStack_Column_Fill,"","DINT","","(Class := Standard, RADIX := Decimal, Constant := false, ExternalAccess := Read/Write)"
TAG,,Upstack_Complete,"","BOOL","","(Class := Standard, RADIX := Decimal, Constant := false, ExternalAccess := Read/Write)"
TAG,,Upstack_Complete_TMR,"","TIMER","","(Class := Standard, Constant := false, ExternalAccess := Read/Write)"
TAG,,Upstack_Com_Fault,"","BOOL","","(Class := Standard, RADIX := Decimal, Constant := false, ExternalAccess := Read/Write)"
TAG,,Upstack_Count_Permission,"","BOOL","","(Class := Standard, RADIX := Decimal, Constant := false, ExternalAccess := Read/Write)"
TAG,,Upstack_Count_Request,"","BOOL","","(Class := Standard, RADIX := Decimal, Constant := false, ExternalAccess := Read/Write)"
TAG,,UpStack_Empty_Trays,"","BOOL","","(Class := Standard, RADIX := Decimal, Constant := false, ExternalAccess := Read/Write)"
TAG,,UpStack_Fill_Trays,"","BOOL","","(Class := Standard, RADIX := Decimal, Constant := false, ExternalAccess := Read/Write)"
TAG,,Upstack_First_Found,"","BOOL","","(Class := Standard, RADIX := Decimal, Constant := false, ExternalAccess := Read/Write)"
TAG,,UpStack_HMI_Tray_Qty,"","DINT","","(Class := Standard, RADIX := Decimal, Constant := false, ExternalAccess := Read/Write)"
TAG,,UpStack_Inputs,"","SCON_Inputs","","(Class := Standard, Constant := false, ExternalAccess := Read/Write)"
TAG,,Upstack_Jam,"","BOOL","","(Class := Standard, RADIX := Decimal, Constant := false, ExternalAccess := Read/Write)"
TAG,,Upstack_Layer,"","Data_Row[15]","","(Class := Standard, Constant := false, ExternalAccess := Read/Write)"
TAG,,Upstack_Layer_Current,"","DINT","","(Class := Standard, RADIX := Decimal, Constant := false, ExternalAccess := Read/Write)"
TAG,,UpStack_Layer_Fill,"","DINT","","(Class := Standard, RADIX := Decimal, Constant := false, ExternalAccess := Read/Write)"
TAG,,Upstack_Layer_Last,"","DINT","","(Class := Standard, RADIX := Decimal, Constant := false, ExternalAccess := Read/Write)"
TAG,,Upstack_Layer_Moved,"","BOOL","","(Class := Standard, RADIX := Decimal, Constant := false, ExternalAccess := Read/Write)"
TAG,,Upstack_Layer_Temp,"","DINT","","(Class := Standard, RADIX := Decimal, Constant := false, ExternalAccess := Read/Write)"
TAG,,UpStack_Memory,"","DINT","","(Class := Standard, RADIX := Decimal, Constant := false, ExternalAccess := Read/Write)"
TAG,,UpStack_Outputs,"","SCON_Outputs","","(Class := Standard, Constant := false, ExternalAccess := Read/Write)"
TAG,,UpStack_Output_Acceleration,"","INT","","(Class := Standard, RADIX := Decimal, Constant := false, ExternalAccess := Read/Write)"
TAG,,UpStack_Output_Deceleration,"","INT","","(Class := Standard, RADIX := Decimal, Constant := false, ExternalAccess := Read/Write)"
ALIAS,,Upstack_Pick_Confirm,"","","RtoUS_PickConfirm","(RADIX := Decimal, ExternalAccess := Read/Write)"
TAG,,Upstack_Request_Layer,"","BOOL","","(Class := Standard, RADIX := Decimal, Constant := false, ExternalAccess := Read/Write)"
TAG,,Upstack_Request_Pick,"","BOOL","","(Class := Standard, RADIX := Decimal, Constant := false, ExternalAccess := Read/Write)"
TAG,,Upstack_Row_Current,"","DINT","","(Class := Standard, RADIX := Decimal, Constant := false, ExternalAccess := Read/Write)"
TAG,,UpStack_Row_Fill,"","DINT","","(Class := Standard, RADIX := Decimal, Constant := false, ExternalAccess := Read/Write)"
TAG,,Upstack_Seq_Num,"","DINT","","(Class := Standard, RADIX := Decimal, Constant := false, ExternalAccess := Read/Write)"
TAG,,Upstack_Start_HLD_TMR,"","TIMER","","(Class := Standard, Constant := false, ExternalAccess := Read/Write)"
TAG,,UpStack_Status_Fill,"","BOOL","","(Class := Standard, RADIX := Decimal, Constant := false, ExternalAccess := Read/Write)"
TAG,,UpStack_Target_Position,"","DINT","","(Class := Standard, RADIX := Decimal, Constant := false, ExternalAccess := Read/Write)"
TAG,,UpStack_Target_Speed,"","DINT","","(Class := Standard, RADIX := Decimal, Constant := false, ExternalAccess := Read/Write)"
TAG,,UStoR_PickColumnNumber,"UStoR_PickColumnNumber, Upstacker To Robot, Column number on tray to pick from, (PLC To Robot Ethernet IP Comms)","DINT","","(Class := Standard, RADIX := Decimal, Constant := false, ExternalAccess := Read/Write)"
TAG,,UStoR_PickRowNumber,"UStoR_PickRowNumber, Upstacker To Robot, Row number on tray to pick from, (PLC To Robot Ethernet IP Comms)","DINT","","(Class := Standard, RADIX := Decimal, Constant := false, ExternalAccess := Read/Write)"
TAG,,UStoR_PickSeqNumber,"UStoR_PickSeqNumber, Upstacker To Robot, Sequence number to identify set of parts, (PLC To Robot Ethernet IP Comms)","DINT","","(Class := Standard, RADIX := Decimal, Constant := false, ExternalAccess := Read/Write)"
ALIAS,,UStoR_ReqToMoveLayer,"UStoR_ReqToMoveLayer, Upstacker To Robot, Robot needs to slide tray over to down stacker, (PLC To Robot Ethernet IP Comms)","","Station100_Robot:O.Data[0].4","(RADIX := Decimal, ExternalAccess := Read/Write)"
ALIAS,,UStoR_ReqToPick,"UStoR_ReqToPick, Upstacker To Robot, Robot needs to pick parts from upstacker , (PLC To Robot Ethernet IP Comms)","","Station100_Robot:O.Data[0].5","(RADIX := Decimal, ExternalAccess := Read/Write)"
TAG,,US_PickColumnNumberLast,"US_PickColumnNumberLast, Upstacker To Robot, Last column number on tray to pick from, (Robot To PLC Ethernet IP Comms)","DINT","","(Class := Standard, RADIX := Decimal, Constant := false, ExternalAccess := Read/Write)"
TAG,,US_PickRowNumberLast,"US_PickRowNumberLast, Upstacker To Robot, Last row number on tray to pick from, (Robot To PLC Ethernet IP Comms)","DINT","","(Class := Standard, RADIX := Decimal, Constant := false, ExternalAccess := Read/Write)"
TAG,,VFD_Index_PRX,"","BOOL","","(Class := Standard, RADIX := Decimal, Constant := false, ExternalAccess := Read/Write)"
TAG,,VFD_Index_REQUEST,"","BOOL","","(Class := Standard, RADIX := Decimal, Constant := false, ExternalAccess := Read/Write)"
TAG,,VFD_Reset_Delay_TMR,"","TIMER","","(Class := Standard, Constant := false, ExternalAccess := Read/Write)"
ALIAS,,VFD_Weiss_AT_FREQ,"","","Weiss:I.AtReference","(RADIX := Decimal, ExternalAccess := Read/Write)"
ALIAS,,VFD_Weiss_FAULTED,"","","Weiss:I.Faulted","(RADIX := Decimal, ExternalAccess := Read/Write)"
ALIAS,,VFD_Weiss_READY,"","","Weiss:I.Ready","(RADIX := Decimal, ExternalAccess := Read/Write)"
ALIAS,,VFD_Weiss_RESET,"","","Weiss:O.ClearFaults","(RADIX := Decimal, ExternalAccess := Read/Write)"
ALIAS,,VFD_Weiss_RUN,"","","Weiss:O.Start","(RADIX := Decimal, ExternalAccess := Read/Write)"
ALIAS,,VFD_Weiss_STOP,"","","Weiss:O.Stop","(RADIX := Decimal, ExternalAccess := Read/Write)"
ALIAS,,VG524,"VG524, ROBOT TOOL BOTTLE BLANK SUCTION CUP A VACUUM SENSOR , PLC1102 (Slot-1), I0112","","Local:1:I.Data.12","(RADIX := Decimal, ExternalAccess := Read/Write)"
ALIAS,,VG526,"VG526, ROBOT TOOL BOTTLE BLANK SUCTION CUP B VACUUM SENSOR , PLC1102 (Slot-1), I0113","","Local:1:I.Data.13","(RADIX := Decimal, ExternalAccess := Read/Write)"
ALIAS,,VG528,"VG528, ROBOT TOOL BOTTLE FINISHED SUCTION CUP A VACUUM SENSOR , PLC1102 (Slot-1), I0114","","Local:1:I.Data.14","(RADIX := Decimal, ExternalAccess := Read/Write)"
ALIAS,,VG530,"VG530, ROBOT TOOL BOTTLE FINISHED SUCTION CUP B VACUUM SENSOR , PLC1102 (Slot-1), I0115","","Local:1:I.Data.15","(RADIX := Decimal, ExternalAccess := Read/Write)"
TAG,,Weiss_Brake_Button,"","BUTTON_FUNCTION","","(Class := Standard, Constant := false, ExternalAccess := Read/Write)"
TAG,,Weiss_Com_Fault,"","BOOL","","(Class := Standard, RADIX := Decimal, Constant := false, ExternalAccess := Read/Write)"
TAG,,Weiss_Hood_Lowered,"","BOOL","","(Class := Standard, RADIX := Decimal, Constant := false, ExternalAccess := Read/Write)"
TAG,,Weiss_Hood_Lower_Auto_Req,"","DINT","","(Class := Standard, RADIX := Decimal, Constant := false, ExternalAccess := Read/Write)"
TAG,,Weiss_Hood_Raised,"","BOOL","","(Class := Standard, RADIX := Decimal, Constant := false, ExternalAccess := Read/Write)"
TAG,,Weiss_Hood_Raise_Auto_Req,"","DINT","","(Class := Standard, RADIX := Decimal, Constant := false, ExternalAccess := Read/Write)"
TAG,,Weiss_Indexer_Stopped,"","BOOL","","(Class := Standard, RADIX := Decimal, Constant := false, ExternalAccess := Read/Write)"
TAG,,Weiss_Index_Button,"","BUTTON_FUNCTION","","(Class := Standard, Constant := false, ExternalAccess := Read/Write)"
TAG,,Weiss_Index_Permit,"","BOOL","","(Class := Standard, RADIX := Decimal, Constant := false, ExternalAccess := Read/Write)"
TAG,,Weiss_Manual_IndexRequest,"","BOOL","","(Class := Standard, RADIX := Decimal, Constant := false, ExternalAccess := Read/Write)"
TAG,,Weiss_Manual_Run_VFD,"","BOOL","","(Class := Standard, RADIX := Decimal, Constant := false, ExternalAccess := Read/Write)"
TAG,,Weiss_OK_To_Index,"This is used for area clear from the KUKA","BOOL","","(Class := Standard, RADIX := Decimal, Constant := false, ExternalAccess := Read/Write)"
TAG,,Weiss_ONS,"","DINT","","(Class := Standard, RADIX := Decimal, Constant := false, ExternalAccess := Read/Write)"
TAG,,Weiss_VFD_Break_Apply_Auto_Req,"","DINT","","(Class := Standard, RADIX := Decimal, Constant := false, ExternalAccess := Read/Write)"
TAG,,Weiss_VFD_Break_Release_Auto_Req,"","DINT","","(Class := Standard, RADIX := Decimal, Constant := false, ExternalAccess := Read/Write)"
TAG,,Weiss_VFD_Run_Auto_Req,"","DINT","","(Class := Standard, RADIX := Decimal, Constant := false, ExternalAccess := Read/Write)"
TAG,,Weiss_VFD_Stop_Auto_Req,"","DINT","","(Class := Standard, RADIX := Decimal, Constant := false, ExternalAccess := Read/Write)"
TAG,,WinComeBack,"","BOOL","","(Class := Standard, RADIX := Decimal, Constant := false, ExternalAccess := Read/Write)"
TAG,,WinTest,"","DINT","","(Class := Standard, RADIX := Decimal, Constant := false, ExternalAccess := Read/Write)"
TAG,,Win_Test,"","DINT","","(Class := Standard, RADIX := Decimal, Constant := false, ExternalAccess := Read/Write)"
TYPE,SCOPE,ROUTINE,COMMENT,OWNING_ELEMENT,LOCATION
RCOMMENT,"Program030000_System","Routine030100_Main","Predefined pulses","OTE(Pulse_2000)","6"
RCOMMENT,"Program030000_System","Routine030200_Mode_Control","*****************************************************************$NMODE CONTROL & SAFETY MONITORING$N*****************************************************************$N","NOP()","0"
RCOMMENT,"Program030000_System","Routine030200_Mode_Control","Control Relay Secondary $N $NCRM_S  Engauges when Rung is TRUE and,  IMM ESTOP OK,  Reset PB Pressed$N $N ","NOP()","1"
RCOMMENT,"Program030000_System","Routine030200_Mode_Control","!!!!!!!!!!!!!!!!!   THIS NEEDS FINISHED AND CONNECTED TO THE SAFETY PROGRAM  !!!!!!!!!!!!!!!!!!!!!!!!!!!","OTE(EStop_OK)","2"
RCOMMENT,"Program030000_System","Routine030200_Mode_Control","This rung Acknowledges Faults$N","TOF(GlobalAck_TOF,?,?)","4"
RCOMMENT,"Program030000_System","Routine030200_Mode_Control","System Manual Mode comes on with the HMI and the Safetys satisfied. On the operator HMIs. ","OTE(System_ManualMode)","5"
RCOMMENT,"Program030000_System","Routine030200_Mode_Control","THis rung needs to be finished add in stopped steps in each routine","OTE(System_At_Home)","13"
RCOMMENT,"Program030000_System","Routine030200_Mode_Control","Cycle Stopped$N","OTU(System_CycleStop_Requested)","14"
RCOMMENT,"Program030000_System","Routine030200_Mode_Control","System in Cycle","OTE(System_InCycle)","15"
RCOMMENT,"Program030000_System","Routine030200_Mode_Control","Cycle Stop Request$N","OTL(System_CycleStop_Requested)","16"
RCOMMENT,"Program030000_System","Routine030300_InputStatus","Control Relay Master$N $NCRM  Engauges when Rung is TRUE and IMM Doors are TRUE$N $N ","NOP()","4"
RCOMMENT,"Program030000_System","Routine030300_InputStatus","Control Relay Secondary $N $NCRM_S  Engauges when Rung is TRUE and,  IMM ESTOP OK,  Reset PB Pressed$N $N ","NOP()","5"
RCOMMENT,"Program030000_System","Routine030300_InputStatus","Control Relay Primary$N $NCRM_P  Engauges when Kuka Controller, Kuka Estop, and Panel Estop  is TRUE$N $N ","NOP()","6"
RCOMMENT,"Program030000_System","Routine030300_InputStatus","Control Relay Docking Station$N $NCRM_DS  Docking Station PRX is TRUE and Reset PB Pressed$N ","NOP()","7"
RCOMMENT,"Program030000_System","Routine030400_Operation_Empty","Unswitch Power 24VA $N$NTimer may be necessary on First Scan","OTE(CR509)","1"
RCOMMENT,"Program030000_System","Routine030600_RobotAutoSequence_New","*****************************$NIMM ROBOT$N*****************************","NOP()","0"
RCOMMENT,"Program030000_System","Routine030600_RobotAutoSequence_New","Robot Auto Sequence$N$NMoves The Next Sequence Cycle Step Into The Current Cycle Step. This Can Be Used To Step The Code Through The AutoCycle One Step At A Time.$NThis Can Be Done By Putting A Toggle Bit Infront Of The Move Instruction","MOV(Robot_Auto.Routine_NextCycleStep,Robot_Auto.Routine_CurrentCycleStep)","1"
RCOMMENT,"Program030000_System","Routine030600_RobotAutoSequence_New","Robot Auto sequence Decision step$N","MOV(1000,Robot_Auto.Routine_NextCycleStep)","2"
RCOMMENT,"Program030000_System","Routine030600_RobotAutoSequence_New","Robot Auto sequence$N$NIndex table New Part Requested$N","MOV(0,Robot_Auto.Routine_NextCycleStep)","3"
RCOMMENT,"Program030000_System","Routine030600_RobotAutoSequence_New","Robot Auto sequence$N$NUnload good Part$N","MOV(0,Robot_Auto.Routine_NextCycleStep)","4"
RCOMMENT,"Program030000_System","Routine030600_RobotAutoSequence_New","Robot Auto sequence$N$NIMM Load / unload Parts$N","MOV(0,Robot_Auto.Routine_NextCycleStep)","5"
RCOMMENT,"Program030000_System","Routine030600_RobotAutoSequence_New","Robot Auto sequence$N$NTransfer trays from upsatacker to down stacker$N","MOV(0,Robot_Auto.Routine_NextCycleStep)","6"
RCOMMENT,"Program030000_System","Routine030700_OutputActions","Reset Safety Relays","OTE(CR412)","1"
RCOMMENT,"Program030000_System","_01_System_Faults","*****************************************************$NAutomation System Fault Present$N*****************************************************","OTE(System_Fault_Present)","1"
RCOMMENT,"Program030000_System","_01_System_Faults","RESETS ALARM FILE [0] FAULTS","CLR(SYSTEM_ALARM_FILE[0])","2"
RCOMMENT,"Program030000_System","_01_System_Faults","AENTR communications fault","OTL(SYSTEM_ALARM_FILE[0].0)","3"
RCOMMENT,"Program030000_System","_01_System_Faults","MDX Laser communications fault","OTL(SYSTEM_ALARM_FILE[0].1)","4"
RCOMMENT,"Program030000_System","_01_System_Faults","Weiss Drive communications fault","OTL(SYSTEM_ALARM_FILE[0].2)","5"
TYPE,SCOPE,ROUTINE,COMMENT,OWNING_ELEMENT,LOCATION
RCOMMENT,"Program031000_RobotSequencer","R100_CommandInterface","Issues a command. Only when the robot is idle. Robot_Cmd_Seq increments so a repeat of the same routine ID is still seen as a new command.","OTU(Seq_IssueCmd)","0"
RCOMMENT,"Program031000_RobotSequencer","R100_CommandInterface","Wrap the sequence counter before it can overflow.","MOV(1,Robot_Cmd_Seq)","1"
RCOMMENT,"Program031000_RobotSequencer","R100_CommandInterface","Command accepted: the robot echo$'d the seq number$N","OTL(Seq_CmdAccepted)","2"
RCOMMENT,"Program031000_RobotSequencer","R100_CommandInterface","Complete. Held until consumed","RES(Seq_RunTimer)","3"
RCOMMENT,"Program031000_RobotSequencer","R100_CommandInterface","Faulted. Latch the robot$'s own fault code.","RES(Seq_RunTimer)","4"
RCOMMENT,"Program031000_RobotSequencer","R100_CommandInterface","Acceptance timeout, robot never ack","OTU(Seq_CmdBusy)","5"
RCOMMENT,"Program031000_RobotSequencer","R100_CommandInterface","Run timeout, accepted but never finished$N","OTU(Seq_CmdBusy)","6"
RCOMMENT,"Program031000_RobotSequencer","R100_CommandInterface","Consume","OTU(Seq_CmdConsume)","8"
RCOMMENT,"Program031000_RobotSequencer","R200_Requests","Req_Reject is latched by whatever decides to scrap a pair, with Reject_Sel set to 1 blank / 2 finished / 3 both. Not derived here.","NOP()","7"
RCOMMENT,"Program031000_RobotSequencer","R300_Sequencer","Step advance","MOV(Robot_Seq.Routine_NextCycleStep,Robot_Seq.Routine_CurrentCycleStep)","0"
RCOMMENT,"Program031000_RobotSequencer","R300_Sequencer","LAST TRUE BRANCH WINS","MOV(900,Robot_Seq.Routine_NextCycleStep)","1"
RCOMMENT,"Program031000_RobotSequencer","R300_Sequencer","Step 100 - Home","MOV(9999,Robot_Seq.Routine_NextCycleStep)","2"
RCOMMENT,"Program031000_RobotSequencer","R300_Sequencer","Step 200 - PickUpstacker","MOV(9999,Robot_Seq.Routine_NextCycleStep)","3"
RCOMMENT,"Program031000_RobotSequencer","R300_Sequencer","Step 300 - PlaceTurntable","MOV(9999,Robot_Seq.Routine_NextCycleStep)","4"
RCOMMENT,"Program031000_RobotSequencer","R300_Sequencer","Step 400 - PickTurntable","MOV(9999,Robot_Seq.Routine_NextCycleStep)","5"
RCOMMENT,"Program031000_RobotSequencer","R300_Sequencer","Step 500 - IMMExchange","MOV(9999,Robot_Seq.Routine_NextCycleStep)","6"
RCOMMENT,"Program031000_RobotSequencer","R300_Sequencer","Step 600 - SprueCut","MOV(9999,Robot_Seq.Routine_NextCycleStep)","7"
RCOMMENT,"Program031000_RobotSequencer","R300_Sequencer","Step 700 - DropChute","MOV(9999,Robot_Seq.Routine_NextCycleStep)","8"
RCOMMENT,"Program031000_RobotSequencer","R300_Sequencer","Step 800 - LayerShift","MOV(9999,Robot_Seq.Routine_NextCycleStep)","9"
RCOMMENT,"Program031000_RobotSequencer","R300_Sequencer","Step 900 - Reject. Param1 carries the selector","MOV(9999,Robot_Seq.Routine_NextCycleStep)","10"
RCOMMENT,"Program031000_RobotSequencer","R300_Sequencer","Step 9999 - fault hold","MOV(0,Robot_Seq.Routine_NextCycleStep)","11"
RCOMMENT,"Program031000_RobotSequencer","R400_PartMemory","Clear on first scan.","MOV(0,Loc_Delivered)","0"
RCOMMENT,"Program031000_RobotSequencer","R400_PartMemory","Allocate on a successful upstacker pick.","ADD(Part_Seq_Next,1,Part_Seq_Next)","1"
RCOMMENT,"Program031000_RobotSequencer","R400_PartMemory","Place into the nest,  the pair moves from the gripper to station 1.","OTL(Nest1_Serviced)","3"
RCOMMENT,"Program031000_RobotSequencer","R400_PartMemory","Pick from the nest, back onto the gripper, now marked.","OTL(Nest1_Serviced)","4"
RCOMMENT,"Program031000_RobotSequencer","R400_PartMemory","Mould exchange, two transfers in one routine.","MOV(0,Loc_RobotBlank)","5"
RCOMMENT,"Program031000_RobotSequencer","R400_PartMemory","Sprue cut, need to come back to cut twice and rotate possibly$N","MOV(80,Part_Log[Loc_RobotFinish].State)","6"
RCOMMENT,"Program031000_RobotSequencer","R400_PartMemory","Complete$N","MOV(0,Loc_RobotFinish)","7"
RCOMMENT,"Program031000_RobotSequencer","R400_PartMemory","Reject","MOV(0,Loc_RobotFinish)","8"
RCOMMENT,"Program031000_RobotSequencer","R400_PartMemory","Turntable rotation","OTU(Nest1_Serviced)","9"
RCOMMENT,"Program031000_RobotSequencer","R400_PartMemory","Mark complete at station 3. Ext_MarkComplete comes from the laser once it is wired. Sim_MarkAtStation3 lets the whole loop be exercised now, with no marker at all","OTL(Part_Log[Loc_Nest3].B_Good)","10"
RCOMMENT,"Program031000_RobotSequencer","R400_PartMemory","Sensor agreement at station 1. Memory and sensors must agree. on disagreement the cell holds rather than self correcting","OTL(Cyc_StopRequested)","11"
RCOMMENT,"Program031000_RobotSequencer","R400_PartMemory","Reverse check: a part is sitting in station 1 that the memory does not know about.","OTL(Cyc_StopRequested)","12"
RCOMMENT,"Program031000_RobotSequencer","R500_Modes","Home on request.","OTU(Cyc_HomeReq)","1"
RCOMMENT,"Program031000_RobotSequencer","R500_Modes","In cycle. Requires homing first.","OTE(Cyc_InCycle)","2"
RCOMMENT,"Program031000_RobotSequencer","R500_Modes","Cycle stop takes effect at end of part","OTL(Cyc_StopRequested)","3"
RCOMMENT,"Program031000_RobotSequencer","R500_Modes","Purge: stop feeding new blanks and let everything already in the cell finish.","OTE(Purge_Active)","4"
RCOMMENT,"Program031000_RobotSequencer","R500_Modes","the turntable is blocked only while the robot is physically at the nest","OTE(Z2_Turntable)","6"
RCOMMENT,"Program031000_RobotSequencer","R500_Modes","Turntable index trigger. Index when station 1 has been filled and the robot is out of the zone.","OTU(Idx_Request)","7"
RCOMMENT,"Program031000_RobotSequencer","R900_Manual","Acknowledge a held complete or fault, which releases the robot back to idle.","OTU(Man_Ack)","1"
RCOMMENT,"Program031000_RobotSequencer","R999_ExternalInterface","MAP THESE TO THE REAL SIGNALS. Every Ext_ tag below is a stub so this program imports with no unresolved references and no module dependencies. Wire each one here, then delete this comment.","NOP()","0"
RCOMMENT,"Program031000_RobotSequencer","R999_ExternalInterface","Ext_EStopOK        <- safety relay OK (CRM_S or equivalent)$NExt_Reset          <- HMI_Reset$NExt_TurntableMoving<- Weiss:I.Active$NExt_TurntableMoved <- one-shot when an index completes (TurnTable_Move_ONS)","NOP()","1"
RCOMMENT,"Program031000_RobotSequencer","R999_ExternalInterface","Ext_MoldOpen       <- IMMtoR_MoldOpen$NExt_OpEnable       <- IMMtoR_OpEnable$NExt_DrawerFull     <- PLCtoR_DrawerFull$NExt_LayerShiftReq  <- RequestLayerShift (upstacker program)","NOP()","2"
RCOMMENT,"Program031000_RobotSequencer","R999_ExternalInterface","Ext_TrayPosValid / Ext_TrayRow / Ext_TrayCol <- derived from UpAxis_NextValidPos, which R200_Tray_Positions_and_Data already computes and currently sends nowhere.","NOP()","3"
RCOMMENT,"Program031000_RobotSequencer","R999_ExternalInterface","Ext_Nest1PartA <- PE202$NExt_Nest1PartB <- PE203$NExt_FinCupAReleased <- NOT VG528$NExt_FinCupBReleased <- NOT VG530$NExt_MarkComplete <- laser fire complete (leave clear until the marker is wired; use Sim_MarkAtStation3 instead)","NOP()","4"
RCOMMENT,"Program031000_RobotSequencer","R999_ExternalInterface","OUTPUT: drive VFD_Index_REQUEST from Ext_TurntableIndexReq.","OTE(Ext_TurntableIndexReq)","5"
TYPE,SCOPE,ROUTINE,COMMENT,OWNING_ELEMENT,LOCATION
RCOMMENT,"Program040000_Station100_Robot","Routine040300_InputStatus","$N$NRobot to injectiojn molding machine EuroMap signals $N$N","OTE(IEM67_A3_C3)","10"
RCOMMENT,"Program040000_Station100_Robot","Routine040700_OutputActions","Change the Robot Gripper vacuum buttons Colors","MOV(4,Rob_Gripper_Open.Button_Color)","6"
RCOMMENT,"Program040000_Station100_Robot","Routine040700_OutputActions","$N$NInjectiojn molding machine to robot EuroMap signals $N$N","OTE(IMMtoR_MoldClosed)","20"
RCOMMENT,"Program040000_Station100_Robot","_08_HMI_Animations","Change the Robot Blank side vacuum buttons Colors","MOV(4,Rob_Blow_Blank_B.Button_Color)","0"
RCOMMENT,"Program040000_Station100_Robot","_08_HMI_Animations","Change the Robot Finished side vacuum buttons Colors","MOV(4,Rob_Blow_Finished_B.Button_Color)","1"
RCOMMENT,"Program040000_Station100_Robot","_08_HMI_Animations","Change the Spru Cutter buttons Colors","MOV(4,Spru_Cutter_Open.Button_Color)","2"
TYPE,SCOPE,ROUTINE,COMMENT,OWNING_ELEMENT,LOCATION
RCOMMENT,"Program050000_Station200_UpStacker","Routine050500_Operation","***********************************************$NMoves IAI Upstack$N$N*********************************************","OTE(UpStack_Outputs.Start_Move)","3"
RCOMMENT,"Program050000_Station200_UpStacker","Routine050500_Operation","***********************************************$NCognex Trigger Logic$N$NTriggers on Downstack Move and Jam Clear$N$NMonitors If Trays are in position based on 0-100 score. Anything les than 50 will flag Jam$N$NResets the Tigger Request and Item Location count on new trigger$N$N*********************************************","OTU(UStoR_ReqToPick)","4"
RCOMMENT,"Program050000_Station200_UpStacker","Routine050500_Operation","***********************************************$NPositions to Fill the Arrays either Ocupied or Empty$N$N***********************************************","MOV(1,UpStack_Layer_Fill)","5"
RCOMMENT,"Program050000_Station200_UpStacker","Routine050500_Operation","***********************************************$NMoves Cognex X, Y, and Angle Calcs into Tray Locations$N$NFills an Ocupied status or clears based on an X value present$N$N***********************************************","MOV(IS3800:I.InspectionResults[Cognex_Control_A2],Upstack_Layer[UpStack_Layer_Fill].Row[UpStack_Row_Fill].Column[UpStack_Column_Fill].Orig_Angle_2)","6"
RCOMMENT,"Program050000_Station200_UpStacker","Routine050500_Operation","***********************************************$NRequests to Pick based on first Ocupied status$N$NRequests a layer move based on a finished tray$N$NRequests to Open Door based on Upstack Complete$N$NCfg_Colum_Max, Cfg_Row_Max should be set to size of tray$N$N***********************************************","OTL(Upstack_Complete)","10"
RCOMMENT,"Program050000_Station200_UpStacker","Routine050500_Operation","***********************************************$NClears MoveLayer based on LayerMovedConfirm from Robot$N$NClears MoveLayer based on Upstack complete and Reset of the Doors$N$NMoves Upstack_HMI_Tray_Qty into set number of trays$N$N***********************************************","OTU(Upstack_Complete)","11"
RCOMMENT,"Program050000_Station200_UpStacker","Routine050500_Operation","Passes Location of Part to Robot","MOV(UStoR_PickSeqNumber,Upstack_Layer[Upstack_Layer_Current].Row[Upstack_Row_Current].Column[Upstack_Column_Current].Seq_Num)","12"
RCOMMENT,"Program050000_Station200_UpStacker","Routine050500_Operation","Clears Part Present in Location from Robot$N","OTU(UStoR_ReqToPick)","13"
TYPE,SCOPE,ROUTINE,COMMENT,OWNING_ELEMENT,LOCATION
RCOMMENT,"Program050000_Station200_UpStackerNEW","R100_Axis","Need to add software limits to stop movement Up$N","OTE(UpStacker_Permit_Up)","3"
RCOMMENT,"Program050000_Station200_UpStackerNEW","R100_Axis","Need to add software limits to stop movement Down","OTE(UpStacker_Permit_Dn)","4"
RCOMMENT,"Program050000_Station200_UpStackerNEW","R100_Axis","Change the Up Stacker buttons Colors","MOV(2,UpStacker_Lower.Button_Color)","6"
RCOMMENT,"Program050000_Station200_UpStackerNEW","R100_Axis","Write the Outputs$N","CPS(UpStack_Outputs,IAI_UpStacker:O,1)","9"
RCOMMENT,"Program050000_Station200_UpStackerNEW","R100_Axis","Move to layer$N","OTU(UpAxis_DecrementLayer)","15"
RCOMMENT,"Program050000_Station200_UpStackerNEW","R100_Axis","Confirm position move successful, update current position$N$N","MOV(13,UpAxis_CurrentLayer)","16"
RCOMMENT,"Program050000_Station200_UpStackerNEW","R200_Tray_Positions_and_Data","Reset memory after picking$N","OTE(CheckNextPos)","0"
RCOMMENT,"Program050000_Station200_UpStackerNEW","R200_Tray_Positions_and_Data","Find next valid position$N","MOV(7,UpAxis_NextValidPos)","1"
RCOMMENT,"Program050000_Station200_UpStackerNEW","R200_Tray_Positions_and_Data","Send Position + global offset to Robot$N","ADD(UpAxis_PickPos[UpAxis_NextValidPos].r,UpAxis_RobotOffset.r,UpAxis_CurrentPos.r)","3"
TYPE,SCOPE,ROUTINE,COMMENT,OWNING_ELEMENT,LOCATION
RCOMMENT,"Program060000_Station300_LaserMarker","Routine060500_Operation","***********************************************$NNEW ITEM$NIN TURN TABLE STATION 1$NVFD and DATA  MOVE $N$N***********************************************","NOP()","2"
RCOMMENT,"Program060000_Station300_LaserMarker","Routine060500_Operation","***********************************************$NPART PRESENT LOGIC$NTURN TABLE STATION 2$N$N***********************************************","NOP()","6"
RCOMMENT,"Program060000_Station300_LaserMarker","Routine060500_Operation","***********************************************$NLASER LOGIC$NTURN TABLE STATION 3$N$N***********************************************","NOP()","8"
RCOMMENT,"Program060000_Station300_LaserMarker","Routine060500_Operation","***********************************************$NIV3 CAMERA LOGIC$N$N***********************************************","NOP()","12"
RCOMMENT,"Program060000_Station300_LaserMarker","Routine060500_Operation","Trigger Sequence","OTE(IV3:O.Data[0].0)","15"
RCOMMENT,"Program060000_Station300_LaserMarker","Routine060500_Operation","Result Data for Alarms","COP(Data_Item[TurnTable_4_SeqNum],TurnTable[4],1)","16"
RCOMMENT,"Program060000_Station300_LaserMarker","Routine060500_Operation","***********************************************$NPICKUP LOGIC$NTURN TABLE STATION 1$N$N***********************************************","NOP()","17"
RCOMMENT,"Program060000_Station300_LaserMarker","_04_Outputs","Turn Fume extraction off after XXX time","OTU(Start_Fume_Extraction_Auto_Req)","7"
RCOMMENT,"Program060000_Station300_LaserMarker","_04_Outputs","Manul index request","OTU(Weiss_Manual_IndexRequest)","12"
RCOMMENT,"Program060000_Station300_LaserMarker","_04_Outputs","Indexer brake release","OTL(CR504)","13"
RCOMMENT,"Program060000_Station300_LaserMarker","_04_Outputs","Indexer brake Apply","OTU(CR504)","14"
RCOMMENT,"Program060000_Station300_LaserMarker","_04_Outputs","Indexer Run","OTL(VFD_Weiss_RUN)","15"
RCOMMENT,"Program060000_Station300_LaserMarker","_04_Outputs","Indexer Run","OTU(VFD_Weiss_RUN)","16"
RCOMMENT,"Program060000_Station300_LaserMarker","_05_Indexer_Auto_Sequence","Indexer Auto Sequence$NMoves The Next Sequence Cycle Step Into The Current Cycle Step. This Can Be Used To Step The Code Through The AutoCycle One Step At A Time.$NThis Can Be Done By Putting A Toggle Bit Infront Of The Move Instruction","NOP()","0"
RCOMMENT,"Program060000_Station300_LaserMarker","_05_Indexer_Auto_Sequence","Set VFD move speed and Accel Rate","OTE(Weiss:O.AccelRate1)","1"
RCOMMENT,"Program060000_Station300_LaserMarker","_05_Indexer_Auto_Sequence","Indexer Auto sequence Decision step$N","COP(Indexer_Step_String[1],Indexer_Auto.Step_Description,1)","2"
RCOMMENT,"Program060000_Station300_LaserMarker","_05_Indexer_Auto_Sequence","Indexer Auto sequence $N$NRaise the hood$N","COP(Indexer_Step_String[2],Indexer_Auto.Step_Description,1)","3"
RCOMMENT,"Program060000_Station300_LaserMarker","_05_Indexer_Auto_Sequence","Indexer Auto sequence $N$NRelease the Break and Index$N","COP(Indexer_Step_String[3],Indexer_Auto.Step_Description,1)","4"
RCOMMENT,"Program060000_Station300_LaserMarker","_05_Indexer_Auto_Sequence","Indexer Auto sequence $N$NStop the indexer$N$NTransfer data to next positions","COP(Indexer_Step_String[4],Indexer_Auto.Step_Description,1)","5"
RCOMMENT,"Program060000_Station300_LaserMarker","_05_Indexer_Auto_Sequence","Indexer Auto sequence $N$NLower the hood$N","COP(Indexer_Step_String[5],Indexer_Auto.Step_Description,1)","6"
RCOMMENT,"Program060000_Station300_LaserMarker","_05_Indexer_Auto_Sequence","Indexer Auto sequence $NCheck Laser Hood is lowered before starting Laser$N$N","COP(Indexer_Step_String[6],Indexer_Auto.Step_Description,1)","7"
RCOMMENT,"Program060000_Station300_LaserMarker","_05_Indexer_Auto_Sequence","Indexer Auto sequence $N$NWait for Laser marking to be complete$N$N","COP(Indexer_Step_String[7],Indexer_Auto.Step_Description,1)","8"
RCOMMENT,"Program060000_Station300_LaserMarker","_05_Indexer_Auto_Sequence","Indexer Auto sequence $N$NRaise the hood$N","COP(Indexer_Step_String[8],Indexer_Auto.Step_Description,1)","9"
RCOMMENT,"Program060000_Station300_LaserMarker","_05_Indexer_Auto_Sequence","Indexer Auto sequence $N$NRobot unload request$N$NIs part a good part of a Bad Part","COP(Indexer_Step_String[10],Indexer_Auto.Step_Description,1)","10"
RCOMMENT,"Program060000_Station300_LaserMarker","_05_Indexer_Auto_Sequence","Indexer Auto sequence $N$NRobot unload request$N$NGood Part ready for robot unload$N$NTransfer data to robot","COP(Indexer_Step_String[11],Indexer_Auto.Step_Description,1)","11"
RCOMMENT,"Program060000_Station300_LaserMarker","_05_Indexer_Auto_Sequence","Indexer Auto sequence $N$NRobot unload request$N$NBad Part ready for robot unload$N$NTransfer data to robot","COP(Indexer_Step_String[12],Indexer_Auto.Step_Description,1)","12"
RCOMMENT,"Program060000_Station300_LaserMarker","_06_Laser_Auto_Sequence","Indexer Auto Sequence$NMoves The Next Sequence Cycle Step Into The Current Cycle Step. This Can Be Used To Step The Code Through The AutoCycle One Step At A Time.$NThis Can Be Done By Putting A Toggle Bit Infront Of The Move Instruction","NOP()","0"
RCOMMENT,"Program060000_Station300_LaserMarker","_06_Laser_Auto_Sequence","Indexer Auto sequence $N$NGenerate data to be marked by laser$N$N","COP(Laser_Step_String[0],Laser_Marker_Auto.Step_Description,1)","1"
RCOMMENT,"Program060000_Station300_LaserMarker","_06_Laser_Auto_Sequence","Indexer Auto sequence $N$NSend Data to laser$N$N","COP(Laser_Step_String[1],Laser_Marker_Auto.Step_Description,1)","2"
RCOMMENT,"Program060000_Station300_LaserMarker","_06_Laser_Auto_Sequence","Indexer Auto sequence $N$NOpen Laser Shutter$N$N","COP(Laser_Step_String[2],Laser_Marker_Auto.Step_Description,1)","3"
RCOMMENT,"Program060000_Station300_LaserMarker","_06_Laser_Auto_Sequence","Indexer Auto sequence $N$NStart the laser marking$N$N","COP(Laser_Step_String[3],Laser_Marker_Auto.Step_Description,1)","4"
RCOMMENT,"Program060000_Station300_LaserMarker","_06_Laser_Auto_Sequence","Indexer Auto sequence $N$NClose the laser Shutter$N$N","COP(Laser_Step_String[4],Laser_Marker_Auto.Step_Description,1)","5"
RCOMMENT,"Program060000_Station300_LaserMarker","_06_Laser_Auto_Sequence","Indexer Auto sequence $N$NLaserSequence complete to Index table sequence$N$N","COP(Laser_Step_String[5],Laser_Marker_Auto.Step_Description,1)","6"
RCOMMENT,"Program060000_Station300_LaserMarker","_07_Laser_Station_Faults","Laser Station Alarm #1 Weiss indexer is faulted$N$N","OTL(Laser_Station_Alarm.0)","2"
RCOMMENT,"Program060000_Station300_LaserMarker","_07_Laser_Station_Faults","Laser Station Alarm #2 Laser is faulted$N$N","OTL(Laser_Station_Alarm.1)","3"
RCOMMENT,"Program060000_Station300_LaserMarker","_08_HMI_Animations","Weiss Permits","OTE(Weiss_Index_Permit)","0"
RCOMMENT,"Program060000_Station300_LaserMarker","_08_HMI_Animations","Change the Index buttons Colors","MOV(2,Weiss_Index_Button.Button_Color)","1"
RCOMMENT,"Program060000_Station300_LaserMarker","_08_HMI_Animations","Change the Indexer Brake buttons Colors","MOV(2,Weiss_Index_Button.Button_Color)","2"
RCOMMENT,"Program060000_Station300_LaserMarker","_08_HMI_Animations","Change the Fume buttons Colors","MOV(2,Fume.Button_Color)","3"
RCOMMENT,"Program060000_Station300_LaserMarker","_08_HMI_Animations","Change the Fume buttons Colors","MOV(4,Laser_Hood_Lower.Button_Color)","4"
TYPE,SCOPE,ROUTINE,COMMENT,OWNING_ELEMENT,LOCATION
RCOMMENT,"Program090000_Station600_DownStacker","Routine090500_Operation","Passes Location of Part to Robot","MOV(RtoDS_PlaceSeqNumber,Downstack_Layer[DwnStack_Layer_Current].Row[DwnStack_Row_Current].Column[DwnStack_Column_Current].Seq_Num)","8"
RCOMMENT,"Program090000_Station600_DownStacker","Routine090500_Operation","Clears Part Present in Location from Robot$N","OTU(DStoR_DropInShoot)","9"
TYPE,SCOPE,ROUTINE,COMMENT,OWNING_ELEMENT,LOCATION
RCOMMENT,"Program090000_Station600_DownStackerNEW","R100_Axis","Need to add software limits to stop movement Up","OTE(DnStacker_Permit_Up)","3"
RCOMMENT,"Program090000_Station600_DownStackerNEW","R100_Axis","Need to add software limits to stop movement Down","OTE(DnStacker_Permit_Dn)","4"
RCOMMENT,"Program090000_Station600_DownStackerNEW","R100_Axis","Change the Down Stacker buttons Colors","MOV(2,DnStacker_Lower.Button_Color)","6"
RCOMMENT,"Program090000_Station600_DownStackerNEW","R100_Axis","Move to layer$N","OTU(DnAxis_DecrementLayer)","15"
RCOMMENT,"Program090000_Station600_DownStackerNEW","R100_Axis","Confirm position move successful, update current position$N$N","MOV(13,DnAxis_CurrentLayer)","16"
TYPE,SCOPE,ROUTINE,COMMENT,OWNING_ELEMENT,LOCATION
RCOMMENT,"Program980000_HumanMachineInterface","Routine980200_TurnTable","ROBOT","MOV(4,RobotBlank_StatusCode)","5"
TYPE,SCOPE,ROUTINE,COMMENT,OWNING_ELEMENT,LOCATION
RCOMMENT,"SCON_Moves:AOI","Logic","When The AOI is told to Go to Position all the data that relates to the move will be read in and the move request will be started","OTL(Map_Axis_Outputs.Start_Move)","6"
